utt_id,label,audio_path,mfcc_1_mean,mfcc_1_std,mfcc_2_mean,mfcc_2_std,mfcc_3_mean,mfcc_3_std,mfcc_4_mean,mfcc_4_std,mfcc_5_mean,mfcc_5_std,mfcc_6_mean,mfcc_6_std,mfcc_7_mean,mfcc_7_std,mfcc_8_mean,mfcc_8_std,mfcc_9_mean,mfcc_9_std,mfcc_10_mean,mfcc_10_std,mfcc_11_mean,mfcc_11_std,mfcc_12_mean,mfcc_12_std,mfcc_13_mean,mfcc_13_std,spectral_centroid_mean,spectral_centroid_std,spectral_bandwidth_mean,spectral_bandwidth_std,spectral_rolloff_mean,spectral_rolloff_std,spectral_flatness_mean,spectral_flatness_std,zero_crossing_rate_mean,zero_crossing_rate_std,rms_mean,rms_std,f0_mean,f0_std,f0_min,f0_max,f0_median,voiced_ratio,duration_seconds
DF_E_2000011,spoof,lab5/data/sample_audio/DF_E_2000011.flac,-258.12371334499784,151.73107084753298,68.65552771356371,69.93438469343172,-4.093069534831577,51.593717578718106,41.926962648497685,37.97738714182404,-12.91021989716424,29.472176166442146,0.7659339984258016,17.359656221060167,-32.1101893444856,24.794362037792773,-10.331691761811575,16.2304198589501,-5.077119295795758,16.39822728705653,-13.207697824637096,13.960724548404476,-4.823211134473483,10.016128131081258,-6.797740989592341,12.160886226491211,-1.51370371033748,10.058109846814776,2068.524451648273,1347.4683524108386,1614.6116966618392,467.56529607445873,3832.465277777778,1681.6760318617012,0.04172891614758151,0.06551057959067876,0.15869140625,0.15687297818053386,0.09802387455064389,0.0839630086372375,121.1915748753686,32.62905714503751,71.40393312300738,261.6817673197989,123.11463769083508,0.7777777777777778,1.4250625
DF_E_2000013,spoof,lab5/data/sample_audio/DF_E_2000013.flac,-183.57046872504213,107.21683452040782,75.23467919674326,40.01209070489354,-21.489162043688147,32.72507647550405,20.896694641164007,23.861239434132663,3.7136405348143677,16.709725659206324,-26.207673762707,21.202523819122636,-24.116118929487595,15.844727244948373,-16.334855404305966,14.393547446604783,-20.96857599216573,12.905758190744594,-11.676322204001407,10.977317983976869,-7.7502572010172175,10.929149821526025,-8.013510495741317,9.68215529086819,-3.597170265906669,6.38587476566893,1604.295202295812,731.8144262897324,1625.1096129153318,457.1103258919489,3125.997340425532,1500.446760178191,0.02742022841669089,0.06841350111162854,0.12195083942819149,0.08439535480660776,0.15105568021387258,0.08249055950022562,203.6987524967979,30.67150753661388,166.50388725220049,297.1913076616708,194.3636813284925,0.7978723404255319,3.0
DF_E_2000024,spoof,lab5/data/sample_audio/DF_E_2000024.flac,-249.61573274256818,143.03250572527887,58.33170598240222,50.22679241480471,3.9493079614841333,31.33515661012693,28.022826336197934,28.61833779664059,-4.419908902907776,16.32626678135014,-2.3045985936108284,14.13858506037105,-31.413967051748504,17.355867339695788,-4.236794895034725,10.5289313671278,-15.906113194712137,13.472002839902355,-0.3496569041478432,12.158702287170957,-11.947696922189099,11.844007972452575,-5.1952142629583005,10.70179205360984,-13.95888928185075,9.413410545905577,2296.261262239748,1165.101821902894,1863.5415437128956,438.3851330060514,4352.224576271186,1727.7051999193063,0.03853483570757385,0.049861645627888765,0.23164393538135594,0.12488670771086717,0.08141511691915723,0.061264517420431854,185.00955080285448,16.960249552765795,125.08584839220775,216.34370681342057,188.18941338256306,0.7966101694915254,1.856
DF_E_2000026,spoof,lab5/data/sample_audio/DF_E_2000026.flac,-259.92973462996946,149.75216460399022,63.998321175575256,49.03532224772182,-26.163681740001326,55.880037329309154,31.108368753105083,35.554769741338866,-39.47801841523058,28.832040321446303,-4.328082763700075,23.55870880923681,-23.83560728297759,15.310922148827638,-17.41031047733881,12.9435319331145,-8.253077615973769,16.13593441720741,-15.548809684092,13.549702841895161,-10.248288081538293,13.54986979739448,-5.108210913436388,10.629307288741403,-10.831934504611517,8.90172447193367,1767.4739877349523,995.0539670401207,1408.2345507107307,566.139138365284,3358.9549731182797,1660.2344188552245,0.07519710088515132,0.22929946331717313,0.1771410870295699,0.1293781521261915,0.11588383169235249,0.08258217128011157,237.633809628783,21.67985348070373,185.4917452038677,270.4047147872192,242.83180090495614,0.7956989247311828,2.944
DF_E_2000027,spoof,lab5/data/sample_audio/DF_E_2000027.flac,-287.07606648590604,144.6944156528902,90.70320811110028,64.49550283114925,-15.866628234669314,28.3092571453026,39.66637542187157,30.658410925618746,-10.925217207205497,20.333824790083224,-14.018189194848983,20.13906041836978,-10.53468400441994,20.26176837805088,-19.955500441082453,19.5582724205227,-19.123465101597674,15.467714711331892,0.34457514346656154,12.180371248494108,-9.257874697951948,12.348481348603942,6.282419637098151,7.426757514709442,-11.26851046742019,14.626814193193367,1612.0106042518667,825.944770273294,1574.147236716649,571.6315788443256,3496.2923728813557,1610.8003113977977,0.012764342959182953,0.022465804585024337,0.10008938029661017,0.10585706211776123,0.0788125826138485,0.06691151394262726,123.76814328482176,37.39661832662099,73.63765565962679,248.48726634567274,119.00355680048239,0.7966101694915254,1.856
DF_E_2000028,spoof,lab5/data/sample_audio/DF_E_2000028.flac,-222.45735955238342,140.77431115802278,95.67867391059796,63.190058761072734,-10.676699470107755,33.55534395512944,22.82395389676094,30.621856044442794,5.506507746875286,20.132885310628147,0.42308832953373593,16.15293110229886,-26.01618344585101,20.208664536141143,10.336377164969841,9.924761890424996,-27.883098781108856,21.201558046957814,9.209872075666985,15.865836756477465,-7.2533760232230025,9.207890341208838,-8.416314835349718,9.535268394322108,-3.381784596169988,7.241255508779286,1516.004825149868,1176.2332851700673,1401.6995129317293,452.578710420459,2780.4361979166665,1857.2005621302242,0.007300806392654143,0.013484395451640386,0.110870361328125,0.14656774585536284,0.14205620271044003,0.09181277203773411,138.05259125546283,22.0182364839746,97.55001218313092,173.38541972081677,137.13138624112827,0.7916666666666666,1.510125
DF_E_2000031,spoof,lab5/data/sample_audio/DF_E_2000031.flac,-170.26323537623628,71.44473758554365,94.25862276173652,67.42903517424821,-12.864213650848003,38.14023405658326,28.26392213588065,24.97919285449562,-5.884929806628126,18.433776677587126,-1.9609334075704534,15.628300068082341,-15.644900098760077,18.085882407680728,-32.92137754090289,13.824522553059838,-15.970604678417773,11.923083475823962,-10.40470486942758,12.533024629984643,-15.842777897068794,10.657268429271577,-10.811226183746724,7.7742000101019935,-15.809834503112956,8.282920974530708,1719.8737890640562,1211.4346398058922,1477.4055858114461,471.15902400484663,3159.740691489362,1752.8996865195832,0.03266092789860348,0.06206461737192657,0.15258269614361702,0.12877998084699407,0.12592766249175877,0.0661630407962245,120.33626977267008,7.270027088658355,109.88656259143117,159.58012620729704,118.3423168200275,0.7978723404255319,3.0
DF_E_2000032,spoof,lab5/data/sample_audio/DF_E_2000032.flac,-200.55192748536456,97.52234860849511,85.53325805765517,60.63774203106424,-17.02525162887066,33.64789291665758,4.702380567789078,26.047073671824833,-10.81882704857816,24.39644663203955,-0.4587999815319447,18.105541519717928,-34.39331593063284,15.63308016261843,-21.139656561169218,15.97851374627367,-20.294940470777295,12.23052792766091,-0.19391815808225185,10.659363469338826,-13.376221865891143,10.665396151007432,-8.807267747740163,8.256153332851268,1.50348272927581,6.957107457049731,1688.1971977207622,1148.4815883038896,1507.3098728994648,505.3141961462244,3066.655585106383,1898.4623656708097,0.03664086651019232,0.0701637478855634,0.13856279089095744,0.11128594953849327,0.12578014822793193,0.06667465645182229,227.09090102046534,40.62045467370073,65.35555583817,304.4732212061327,209.66537072472047,0.7978723404255319,3.0
DF_E_2000040,spoof,lab5/data/sample_audio/DF_E_2000040.flac,-269.53992746231404,147.49014602502638,124.95560364520296,72.42552994653649,-25.138335865862825,44.8314933758326,7.836062800059927,23.466021209150743,2.6703377286804484,14.468868997405117,-9.313559866966084,16.425952789800647,-7.265352004703055,14.28456336854714,-17.269403990278853,14.707101590942585,-18.384966905367502,12.406055904748088,-6.307063871558676,13.352006480310836,1.8691704698065494,10.074135155987017,-10.74505915223284,11.095316815942905,-15.922495666970597,8.74394699987144,1376.8255036004584,975.6550003665179,1260.8565963041806,602.2019117308528,2545.5452127659573,1839.9446417689555,0.023536704938955967,0.0510498300814601,0.10196766954787234,0.097357282098204,0.08138879989487481,0.06204952363104549,123.80451335869499,25.39714357399012,65.97313731636196,174.68820917236607,124.11016839061183,0.7978723404255319,3.0
DF_E_2000042,spoof,lab5/data/sample_audio/DF_E_2000042.flac,-220.13000967147502,102.26757428844365,113.65426469356456,44.56318502404772,-6.015537627516909,25.612751385574075,22.03966042209179,21.055263771121165,5.562425854675313,12.049436198860706,1.01315333503992,10.32761039009939,-29.3349273656594,14.732279128887196,-5.123924265675088,8.38743705000284,-25.073404830186924,9.620949307762983,-6.2664757088777865,9.169351102580437,-9.450278242534779,7.75384151043292,-10.99305421383457,5.919316809868962,-8.53444547031788,6.626074655534989,1189.2314282467441,685.686188087852,1404.5734800453915,415.3725735613164,2358.876329787234,1376.1370308733494,0.018804655707579977,0.059522027815263896,0.061300074800531915,0.06920081021397402,0.1080881345409038,0.05977566281484638,156.10671124275996,25.77257110379629,121.35002124511377,217.79273967037528,151.74205483229804,0.7872340425531915,3.0
DF_E_2000044,spoof,lab5/data/sample_audio/DF_E_2000044.flac,-252.3171730928643,159.0882659633202,81.05523500886075,75.05915921430774,-5.856431721947914,42.659549402052924,25.115861255069113,25.87840703140435,-5.144010039349628,18.034509692233804,-1.5732731389444927,15.441122432802576,-12.536627389317335,16.572872057143382,-11.970795088036116,14.536798565842725,-10.480528180335844,15.09657717224044,-8.231043925812077,15.440516566117518,-10.203585024143374,11.311891099330396,-4.020136671184107,7.528483228123181,-10.588712260300337,9.421651316468514,1795.5091926276536,1147.839008720976,1567.5646623844923,543.36496201666,3425.0545058139537,1858.9892122203325,0.03042593981664923,0.048616145636750686,0.14085210755813954,0.12995403511207448,0.07897605655950407,0.06325119009508966,106.2153556982729,25.051070466890245,84.60988185101805,222.11707745526377,104.38278049378917,0.7906976744186046,2.736
DF_E_2000048,spoof,lab5/data/sample_audio/DF_E_2000048.flac,-291.82325039115005,164.19062491196638,112.58156091423444,74.02657971594861,-24.845016705092565,45.358676386603534,8.334245007525208,21.329778056796346,-0.4157900996105645,16.10689045676909,-9.729728073202153,19.499374866279368,-3.0052852073023395,16.363792120127176,-14.22414757455549,16.927975481873293,-11.631004205314062,13.677528133211776,3.130904547950273,11.358213817812013,4.870771664845687,9.386979029263017,-9.160190526836661,8.652607837640813,-10.450995056859908,9.610747828156368,1548.3455131638061,864.5803556405531,1439.4203205968106,657.1906821384487,3022.2614247311826,1860.1950879637498,0.03196038961972571,0.05626993000728333,0.0949313256048387,0.06793364676070618,0.07822317252328659,0.07156268671761237,112.93393847032584,37.83447793778043,81.66546223591945,330.65982369685156,106.09549400370258,0.7956989247311828,2.944
DF_E_2000049,spoof,lab5/data/sample_audio/DF_E_2000049.flac,-188.46010242038304,120.75278869830284,74.86052447424994,62.176511292118285,16.65306564701928,25.282247617520145,48.33985332912869,30.976440442034807,8.362836646371418,16.52512005574768,5.605676053629981,14.288245738002631,-28.910158228874206,21.606538438020873,-7.110266774230533,18.80347004962893,-8.340011366208394,16.040202393906206,4.654298739300834,13.094634641393883,-20.786988360351987,15.211550985393608,-4.136709302001529,7.7408730231276675,-12.80946636862225,11.912663075997871,1899.4505708837492,1394.4382506168483,1552.795663102094,464.0581615033298,3441.3194444444443,1877.7602817540435,0.017055436263197204,0.023458773190065306,0.17740885416666666,0.15659365691049834,0.13978123041904636,0.11028828947349636,99.66756046590582,13.90074596514455,75.08956929488721,143.10381939241012,97.52591255585949,0.7555555555555555,1.408
DF_E_2000053,bonafide,lab5/data/sample_audio/DF_E_2000053.flac,-231.19649931725036,162.86048048098525,77.44020020708125,58.9823096362853,-9.436769957238056,36.42832043397957,23.05841575531249,20.593416474375594,0.2106071280196626,14.278034214746713,7.809851671152926,14.555239941012685,-22.08343055146806,18.38779497068652,5.937551255872909,12.538696288936256,-20.568244062998193,15.869208177419262,0.06242404022115342,8.447524311999548,-8.800684182330015,9.434262404188901,-4.339016075781051,7.775720067910795,-5.817415258668839,8.434299294021782,1669.153756864033,960.8128145476392,1632.3195751950075,493.91898034221464,3320.478723404255,1571.0429600036277,0.010972688680630335,0.02000454386594518,0.11701088763297872,0.11905451986102138,0.12542132556204996,0.09455205544196559,142.29175169534886,30.00843416576823,65.04604363061306,242.20695752167381,141.28632688098003,0.776595744680851,3.0
DF_E_2000055,spoof,lab5/data/sample_audio/DF_E_2000055.flac,-293.6548411998343,105.56606393069121,74.26087050995928,37.50278333009156,-5.189653276128972,22.001524756674844,23.9650497709183,33.74429185574656,1.868812341480813,12.849478480216655,-5.39916068949598,10.899462191025675,-8.92236407925474,9.770524953641226,-10.692229388876164,16.0081448039934,-6.253474669887664,11.255936019157156,-4.742630278414234,15.83749655409307,-8.05531215318974,10.727226707327889,-5.919109816326106,5.296657672785075,-7.335517593203707,5.734155959946628,1894.4196312471136,772.6964118250461,1776.777026629778,445.4926133558152,3851.811835106383,1629.1241603374199,0.09740354096640871,0.08812154214373576,0.15219830452127658,0.07604366418864228,0.07931856778351233,0.11762797651375242,136.0259901152414,46.49146827654052,65.96592041401293,339.5026209971525,130.60979891453547,0.7978723404255319,3.0
DF_E_2000058,bonafide,lab5/data/sample_audio/DF_E_2000058.flac,-336.733080777255,163.3610415855032,53.10526375337081,59.91541621662257,8.72322964668274,23.830813266659725,32.31972766789523,32.36083558262265,1.7215705015442588,15.790831035536243,1.576062146100131,13.353152213791063,-14.686806385083631,18.45568583299854,-4.250228669697588,12.344406051515598,-4.975689614902843,10.516377632469059,-5.297775217077949,13.815524178703773,-3.9491657773202116,9.45572465495995,2.441407103701071,7.287429300302686,-1.431079096143896,7.953882779284055,1617.2887807532188,1385.4518548640654,1412.7110870695942,298.29260483426185,2741.903409090909,1796.3765141289136,0.015348981868076159,0.03041183905937444,0.13010475852272727,0.16239681617716673,0.07994775064077905,0.1127431440889224,125.12686606596704,61.63502376805769,73.44252686245204,391.2007864570328,102.1947572392775,0.8,1.728
DF_E_2000072,spoof,lab5/data/sample_audio/DF_E_2000072.flac,-230.03142920960772,121.98684840621425,113.84904896959345,73.8890313820019,7.042681117007073,37.46792481767266,36.629296870941815,24.700638445968472,10.870783825543649,18.762433922124657,-2.7090037596669605,20.645661548423206,-15.338917770284288,17.263375447881497,-16.92733169299491,11.970836449397115,-15.953211273601715,12.632743902107688,-3.5785256332539497,8.906768053628698,-6.370058817749328,9.450970439090023,-1.1341841255730771,7.382628792810339,1.9236241994386023,10.177209115603254,1377.7200780887533,984.8871893820738,1390.1375027690299,572.9213456297676,2736.2034574468084,1745.91326576108,0.02562790204226869,0.05457364790035123,0.09803025265957446,0.09399807149780978,0.13284868192475072,0.09134502619293602,101.89035735077708,11.036661410956423,85.62688634152664,131.8468721418512,99.45013812390718,0.7978723404255319,3.0
DF_E_2000075,spoof,lab5/data/sample_audio/DF_E_2000075.flac,-281.722046426002,153.57361274929949,67.73972477050538,69.79391787110748,12.822647572831904,38.65514603405958,16.251527613781867,17.701183824111354,1.5005958302223936,18.8715163060162,4.8672137935744955,13.36461162648757,-14.208909513468438,18.12519838129709,-1.7306069896576253,12.341446668440636,-9.51286545015396,10.975497295815178,-4.25428576577217,6.402167827067846,-9.026005486303822,8.088184986372326,-4.469368331926934,6.31811283603541,-9.753761078449006,7.051613679391737,2297.5020621449644,1245.8253593522056,1884.796379768108,552.4913222122663,4482.380319148936,1754.7261380680782,0.06934035868788611,0.08468156874916315,0.18962973736702127,0.13561327046498003,0.05291487429132487,0.04981094786028207,106.2409486680752,28.386672034757087,66.86303915298231,219.17132709523722,111.17607985552091,0.7978723404255319,3.0
DF_E_2000079,bonafide,lab5/data/sample_audio/DF_E_2000079.flac,-262.19711990356444,138.51526834607463,125.30176121136722,71.93055078174282,11.505625425366794,30.03915673659411,18.128820525197423,17.67516607720849,-1.2380702649845796,21.408398434662498,0.9040983908316669,18.326263646027577,-12.122868980379666,14.745410973540457,-14.074310850395875,15.627907578264129,-18.724073700694476,16.549882404531445,-0.8429098889231682,13.240809731735276,-8.810869497236084,8.924915484429055,-1.3669936539495693,10.44937357246114,0.6837951802155551,13.523488636603853,1287.8573358160859,1000.9968701382618,1355.0556025449825,624.7709147851798,2500.827205882353,1895.7222789435696,0.028007467235254487,0.06603828099406037,0.09206112132352941,0.10899684005036385,0.12290051421047846,0.0947420090799495,94.00467890426137,11.135852811448789,79.11345792055891,117.92720990219173,90.74526628684758,0.8,2.688
DF_E_2000080,spoof,lab5/data/sample_audio/DF_E_2000080.flac,-320.00681261949137,144.85090278008596,89.66388298046421,61.465115788494565,3.6127505373786875,31.530184203768748,22.87508066439293,24.64169465203794,14.33528054725956,15.843217433010732,0.038068976200802226,12.607213977139166,-26.078734862972315,21.48507683342085,-11.300369431435222,11.85579825564689,-21.682601774242563,16.98268353282517,-9.821202599246737,15.311498106366175,-11.009137822708613,11.373747354668039,-14.663659771563301,11.703609859853541,-6.390729953705425,7.861508783510699,1468.2156513074308,1026.928647373303,1560.6728098966007,632.3430916576408,2927.5968309859154,2096.3465174840726,0.02317653810644861,0.04518456312912255,0.0935849471830986,0.09529326245993179,0.06834807741785918,0.049783282775791166,143.77911448857222,17.58283784576264,122.1883987358832,232.87532393832316,140.67840479178346,0.7887323943661971,2.248125
DF_E_2000091,spoof,lab5/data/sample_audio/DF_E_2000091.flac,-191.2965809639464,83.97553698088625,61.621388357370456,48.53364483789225,-13.043003516628387,34.158594870493765,34.15219836032137,24.10693831997869,-15.226225785276991,15.272111113916909,-9.142963952840642,9.69317833318307,-25.89269292322879,11.39709459538944,-20.67765815841391,12.047432092689485,-20.044270367064374,11.095282106168796,-20.118410440201455,13.517125363767212,-9.916818380672881,10.876123086243792,-15.955001215668435,12.207461526380069,-8.222061271046071,7.434003104753724,1893.5795267348553,989.3026476162931,1680.302816424222,435.42633654547956,3663.7300531914893,1582.812169724734,0.049966042749261724,0.0810991433200264,0.1456792303856383,0.09579604275566858,0.13434177792279367,0.08450351828379976,199.53062654705275,19.93889369520786,162.86025865349157,247.52592275752704,197.9215616260401,0.7978723404255319,3.0
DF_E_2000096,spoof,lab5/data/sample_audio/DF_E_2000096.flac,-269.1400584768742,159.04002772380338,106.84997602797885,67.30232487231909,-24.809892367829192,34.40988762116201,3.699419414426418,25.375423983924975,-20.32601705328264,23.44981449980583,1.3954657240513157,13.654311632208499,-17.071675355169685,17.174343321159277,-9.745629318494428,15.225488254701848,-18.08690822120518,12.607335241991983,2.755127250989701,8.095834589095489,-6.725634047305806,11.445161051292313,-12.970872765030474,12.305223466340534,-11.49193755513493,9.22981630438092,1589.239732347117,980.6179511007341,1371.9630053059575,568.0404042010052,2923.038563829787,1899.5354053231008,0.06229264287561664,0.12410991099769196,0.1280024102393617,0.1063020332279051,0.09161257419683796,0.06553826193958263,207.33741709950982,42.89894412719381,72.59814095095228,319.8096917223958,206.95631141322454,0.7872340425531915,3.0
DF_E_2000100,spoof,lab5/data/sample_audio/DF_E_2000100.flac,-243.74028769959796,77.4776339831943,128.65909765629058,72.6039232298533,0.6069129800542872,39.81381841268144,39.03653928447277,24.855362049761812,8.213906715524958,17.592996182541988,-8.210975448501872,20.032312349556392,-20.803785489594684,11.177551980812769,-21.09658523569716,14.38554160233713,-26.711247460639225,12.34849740891117,-7.347597902125501,15.252615648933837,-10.695632217095254,11.563137486973517,-2.2473364012672548,7.977784869130335,0.5098791344368712,13.259744300890906,1267.7723168109953,1091.0472631114437,1188.1671788675521,551.3204608563964,2368.683510638298,1733.601842639739,0.013731497775136225,0.035549447307748255,0.0963887965425532,0.10485878259013616,0.10410933181435425,0.054806808930635754,101.57885884709415,17.98214616961348,85.0691034327013,197.57322568223077,97.00270077122717,0.7978723404255319,3.0
DF_E_2000102,spoof,lab5/data/sample_audio/DF_E_2000102.flac,-261.39746255743995,141.26719469765783,68.17728226621674,52.53641742413532,-14.530222687206857,56.10297970515529,45.7061001953401,38.45607839204339,-26.955200578660182,29.516524778974784,-14.150050010379047,21.093310238852037,-20.20466517381472,15.334537079430335,-16.00175574631111,12.198538604876452,-9.609303534286072,12.417611246682304,-19.15072351806376,10.604006431911047,-5.886219694393954,11.27708543925734,-3.854087020334316,8.738144005087772,-3.809582891835742,6.056124071260144,1692.9340853846977,935.1741140221058,1516.8723201788462,541.1301992202798,3361.6224315068494,1725.1246198855022,0.04130129135820139,0.09030381006912809,0.13686590325342465,0.10239415381856819,0.1400257430222192,0.10090211105682995,187.46792479887537,25.91296244337591,71.17566632575185,247.31554232581553,185.55952360372268,0.7945205479452054,2.304
DF_E_2000106,spoof,lab5/data/sample_audio/DF_E_2000106.flac,-149.0086717055394,84.94768478667001,59.54610684055548,60.463656249559044,9.149847232378447,47.71594452431028,23.423359144765598,26.9133303729705,-22.7896842824725,20.35555543886621,-15.5930375961157,16.530376819786323,-19.11762099999648,11.930495583001695,-3.1372887208484688,15.62376871438035,-14.683679825984514,17.365366782002603,-13.941651628567623,9.228737142859625,-13.489813832136301,10.436759642572827,-8.036702161798111,9.670869424527378,-4.543436362193181,6.400562788393173,2282.2702903479144,1323.380578594224,1746.9183483738911,563.8105923004614,4129.957932692308,1986.9971678389916,0.03926353559619691,0.0570390120269528,0.19468336838942307,0.14825846687078753,0.16370701597770676,0.09447968670245403,218.56107793299557,10.719094017412871,198.03167468228338,234.23120566202567,221.3479871176298,0.7884615384615384,1.64
DF_E_2000115,spoof,lab5/data/sample_audio/DF_E_2000115.flac,-231.53158610700126,109.34922326434067,69.15242769344744,64.76214853180244,26.165693632091383,46.99170870203137,79.66418474266328,48.06217029876907,-9.290672442999231,31.90996014616271,-4.864231793277235,23.891193338825776,-19.58878008572452,26.076139610536067,-9.048116482884051,20.68688565639694,-25.210204981177686,18.09302906236602,-9.035359707582428,15.973202395588764,-21.040663687579602,12.413234974844451,5.955836787999394,10.649673032947083,-13.44368661868285,10.66064830952379,1785.0439871488002,1187.6617534413617,1519.7631815244963,427.18425001595244,3418.2981927710844,1502.066565777831,0.004543588168800568,0.006853134687592858,0.16502141378012047,0.1368250095894189,0.14715826658304804,0.08703018807950107,115.07668010903551,9.63198686754339,98.00391778467268,137.93611360377506,114.58886222581015,0.7951807228915663,2.624
DF_E_2000117,spoof,lab5/data/sample_audio/DF_E_2000117.flac,-171.9675267402162,53.6179640330654,75.34738859217218,37.977050245788554,-13.839928890796418,39.316815070176624,15.758829059753012,28.20379423070215,-15.777207571141263,23.335852209900654,-11.365954699034386,15.40790601299268,-23.94746462398387,14.501932819475071,-14.207779601216316,12.400129065538422,-19.70250110835471,12.19025312908958,-15.449215178159957,10.938918736215927,-2.8319083482245024,9.999953283096287,-10.258344399802228,14.577833289924602,-1.5128590142790308,8.542945050950037,1746.5299995770374,1151.5928584120165,1604.9143746848629,499.58490303485735,3272.938829787234,1818.4755566310814,0.03256492587489118,0.07385767686056657,0.1297893118351064,0.11472876888196815,0.17867116307086767,0.10078435596334209,234.35482448786516,24.304966170814343,186.87212210129746,291.63168685796524,230.5978531369763,0.7978723404255319,3.0
DF_E_2000123,spoof,lab5/data/sample_audio/DF_E_2000123.flac,-261.57820486515124,74.79454145218497,68.36652847300185,56.59666100276609,9.528996614699668,43.92629401203916,33.3397613459445,31.604395127611962,-17.31181761305383,23.794328615693345,-15.543096907595372,17.799969369677644,-19.33191542739564,18.122269524681972,-23.440677538514137,16.90477862339526,-24.077288491215477,15.072417322152353,-20.22221527462627,10.204574148754299,-22.717140024329755,8.951421063831292,-12.948484262728945,12.811310930025524,-5.833993552054497,14.624226534612767,1747.4416693642931,1286.793947412083,1546.2733381835826,596.9621491294332,3261.3863031914893,2079.1241826632363,0.021303792199964942,0.04511232103456115,0.16865961602393617,0.14944845771367776,0.1238637271608434,0.09713098650151547,216.796546690598,26.301995109938954,81.69926361839289,268.9049764449046,210.80385570773709,0.776595744680851,3.0
DF_E_2000125,spoof,lab5/data/sample_audio/DF_E_2000125.flac,-166.94485893655332,102.59623182805043,84.40250203520694,56.670594448488394,5.619771793801734,27.910036150792532,19.011205150725992,25.49497430581216,-14.190499883382879,19.20811201836694,-12.757092925462317,14.58278828432358,-24.005353327127214,14.41752771484736,-28.134523718915087,17.35156074321927,-23.087979658486994,12.627559380041475,-7.646698259134242,12.595877976390392,-19.98406958833654,12.093843100926186,-9.909571859113713,9.875067946800785,-9.201635880990231,7.119705644559611,1681.6052624357517,998.5678339429817,1645.5417726534383,485.555791476541,3228.3909574468084,1921.9477806651607,0.029656539288748233,0.048969076559418075,0.1397523271276596,0.10493747554868404,0.1374263430154818,0.07263119420690235,156.71197740515382,27.79666941216911,119.02831304709142,236.47699487544062,149.5623472862348,0.7978723404255319,3.0
DF_E_2000126,spoof,lab5/data/sample_audio/DF_E_2000126.flac,-257.95082765467026,156.0771227708589,66.94801091797211,66.02107646143159,-3.8389587928267086,38.83067523829778,19.58365609540659,24.034935575319327,-6.3846888741587895,18.19935638564691,-1.2725241061519175,18.22598380556919,-13.0666595022468,15.800223486692465,-13.034918021629839,20.039794597313115,-21.996791443404028,17.424880592437553,-6.867647806511206,12.786895387600895,-14.706557842738489,12.510892045262239,-5.41376150897978,11.329496333220424,-13.637276414124404,11.076448300188465,2168.3560651455173,1413.3022454330471,1675.970222559063,518.097536989501,4037.798713235294,1763.5698252011507,0.02807305686848635,0.042569812341290564,0.19771800321691177,0.17954286019710156,0.10420547064131824,0.10101684362352932,144.01564878743952,22.664652727531976,86.49268627361884,202.7943912783567,140.31632849839562,0.7941176470588235,2.15
DF_E_2000127,spoof,lab5/data/sample_audio/DF_E_2000127.flac,-240.18794450921527,152.5806761073984,104.68744185011266,79.07240505280595,-17.511736273765564,44.42052584098795,44.89434129504834,38.17495143262511,-17.433464138184565,27.599863075323835,-5.609899601693881,19.548200258040445,-10.87522638248185,25.64366820857827,-23.3975173558219,19.488239709866157,-3.0881022308337487,15.774761064299774,1.0403673072992745,17.747700463196555,-4.988830998792487,12.484697075949331,7.977376586804955,7.936872449327105,-7.468194471577466,11.690070540060905,1450.7456638248116,1020.0122873042751,1293.9592346216475,467.5969334879907,2603.945974576271,1554.8703116246106,0.009275486272746108,0.022654613947259525,0.11762612552966102,0.11659696055335678,0.15126040217691591,0.1016807381556524,113.74896353198969,45.49880220486723,81.05663237132582,279.3714525544269,101.12659597278144,0.7966101694915254,1.856
DF_E_2000128,spoof,lab5/data/sample_audio/DF_E_2000128.flac,-249.7572258482588,97.59830598452179,77.89123656140997,61.00862731501396,-7.789896905422211,39.724983571684504,12.169809863684659,32.23680738919556,5.2153054296653325,24.655692628119688,6.464891460981775,14.780430521384133,-29.74421333759389,20.97692867442397,-11.151582000103403,17.140205686665173,-18.555667608025225,14.277663661786763,-6.460871017676719,21.612799829390138,-13.014578804056695,13.922705255680405,-12.918964615527619,10.81352115993039,-12.932675857176172,7.956961835945183,1816.2520030340118,1201.8667297533761,1598.3306863604882,518.0993316221064,3409.906914893617,1995.0801974467274,0.035423492102671976,0.06350762321157062,0.14697265625,0.12431500826152538,0.09195228060235287,0.05685793331597054,138.7206890283967,13.986239936125504,65.13864558677629,165.3451475776289,139.71140259463095,0.7978723404255319,3.0
DF_E_2000132,spoof,lab5/data/sample_audio/DF_E_2000132.flac,-277.06917105780707,130.88528443415413,98.12050289853856,90.59911229169403,-17.4186001210301,44.72350878618925,-30.81039959008311,36.611115871901,-10.215674398765888,22.370353893790845,6.69910421801938,26.31479069906701,-56.8491554102044,26.737734530316008,-19.036495655223174,20.931342729263307,-14.594067230636691,16.99695509208927,-11.369093038785605,14.282090049105832,-6.7435703602286035,13.855851048382112,-19.440936435887842,12.32553578901583,-0.5446940478351381,8.462298448183994,1867.1974111980335,1516.823445988501,1168.3470960810682,646.1783505320066,2998.167438271605,2137.3524253219507,0.03533433547062399,0.1581964299830594,0.18026017554012347,0.16797610612826233,0.1334068933496506,0.10935544160950092,216.0923449327417,46.54198816119939,87.12081820955395,296.50284092065937,222.11569911615337,0.7901234567901234,2.5706875
DF_E_2000137,spoof,lab5/data/sample_audio/DF_E_2000137.flac,-549.8026303230448,170.3381082063966,43.83119936445926,40.4169833257874,24.652099198483405,21.92153341094428,18.8367905518476,20.020839239206687,5.69278299111001,14.427628576618321,3.4509226965143327,12.249456076853491,-3.5765072465577026,12.332071426288712,0.3415007952679979,11.130335355671068,2.4480058173549937,9.585802014218354,3.968218169472319,10.139318390415077,-0.4312576394765935,9.801671358932849,-0.15188194494298163,6.690496042622054,-2.1042687341253807,5.141505032548541,2116.9344481351663,946.5436607472915,2112.395044379776,396.73985762516725,4723.404255319149,1324.861701549721,0.034361625991279766,0.03217023906237059,0.14439619348404256,0.13869156149649747,0.009099536652006754,0.01716053600127929,121.6507537137229,24.070566077696217,73.42734721269653,250.04408196952414,125.57840060560206,0.7978723404255319,3.0
DF_E_2000142,spoof,lab5/data/sample_audio/DF_E_2000142.flac,-335.6798425439286,177.1701853371911,111.6133225037627,66.3400873631122,-17.79014333184451,27.75931891907959,23.865662802163868,28.172534575358668,-3.4284465927375507,10.669197853005276,-8.219910452218905,14.906780176784919,-14.307292300544374,14.809466360071738,-2.314939677409113,13.462023388807962,-16.98090136092003,12.798922264073576,-0.39848717444971815,11.617991125703755,-6.114906382887331,10.707165314944538,0.4992886804656623,9.320345699216453,-12.905756826474242,9.648198992159307,1611.5380826443657,1009.0033350191273,1469.0199975666733,543.6668385362144,3113.4417808219177,1800.8109576325226,0.05052670320822484,0.10850045096319073,0.1412805008561644,0.11362264831181189,0.04240754584692421,0.034373411823987406,114.38034917565713,17.15847875228356,65.11778562094146,216.57134888719347,111.58389823546767,0.7671232876712328,2.304
DF_E_2000143,spoof,lab5/data/sample_audio/DF_E_2000143.flac,-210.64348761818627,75.68270102874398,72.50093088583513,52.47611642201387,-38.138215314258225,47.412709746652396,54.53027744293213,28.120904770249613,-41.38418589071794,27.40606676357383,-19.039588911966845,19.559026964241756,-36.05607821291143,15.653036220710682,-25.111681695417925,17.944126674029107,-3.2717121731151235,15.427953678139364,-12.133722978830338,11.858798875340982,-19.06624003973874,7.6649299786694876,0.7307513253255324,11.721840635949063,-17.75324021144347,9.209061422697358,2064.6168460993194,943.2031804195708,1432.6706798905857,391.73638848203365,3592.755681818182,1259.4635149512212,0.013457974560217488,0.026900172026683662,0.20173117897727272,0.09976702419656602,0.11095160277645019,0.06935275327795655,249.48106969002768,26.842849509393467,130.5809194813042,283.77685625565323,250.81787037937292,0.7818181818181819,1.741375
DF_E_2000147,spoof,lab5/data/sample_audio/DF_E_2000147.flac,-215.00850770828572,138.3472106513913,89.59131732392818,79.4091765131688,-4.194798772639417,37.28788613665564,22.229088170097228,28.29706991841542,-13.058452987924536,25.813697899142156,-5.8882181124484285,17.2881195830683,-26.495349334909562,18.103229285320158,-22.615326238439437,10.551220443194405,-10.470313964689032,10.232358528655586,-19.760139825496267,7.3419375484917655,-22.945073766911282,7.45160835279006,-14.23706680472861,7.091908527810256,-15.130187280634617,7.139255995552056,1569.7568055056531,1258.6911852513385,1414.3436313418742,536.3489612169034,2787.067819148936,2083.7090829676263,0.03191370731598154,0.06566965437259614,0.12535841921542554,0.1421848330856481,0.13475330885000616,0.09199686087902148,188.06786907804593,60.893135748683946,68.57379092048545,388.05770624666343,193.79436073600615,0.7659574468085106,3.0
DF_E_2000151,spoof,lab5/data/sample_audio/DF_E_2000151.flac,-209.48554499605868,113.39806447468214,108.17474874790679,63.95017384065471,-8.64430678651688,33.387448112864575,48.350328546730765,29.158143546428615,-2.8088487339146595,18.658761628932986,-1.5504556735779376,22.21807103973841,-12.525171108226827,16.95116019648588,-12.210310496231342,13.035227865658328,-21.017524832740744,15.034670712524928,-0.6549718224621833,13.94395589199338,-12.082784181738154,13.372288151829895,2.6135717582829456,8.12398532619216,-1.096686085329411,9.31381803604538,1399.9103911690945,927.5063365594077,1314.6977797899629,432.5594907484935,2677.19414893617,1478.4979596574055,0.010099205821935608,0.02034727207221871,0.11022170046542554,0.09432913214869705,0.14091184641918206,0.09032066477956688,108.93523784014164,11.092868424214497,66.56255785498085,147.5693994246848,109.69616290841239,0.7978723404255319,3.0
DF_E_2000154,spoof,lab5/data/sample_audio/DF_E_2000154.flac,-295.3105941123151,132.66984713069212,75.80629961303573,62.745062424645944,-11.95745622223996,39.850175832854106,17.859856150410277,32.54061894650204,-7.311069120276482,21.20476509017526,-9.899339430668253,12.521712450596809,-21.165267721531873,19.452118724473486,-2.500184326571353,11.187664126424904,-15.937862292724722,16.644399952008605,-4.788712425751889,7.96330175713096,-6.761709201367611,11.412290659647649,-13.812416446969864,11.420870379459226,-3.7810675117405173,8.318045471786979,1870.5760869837495,1229.8735196902542,1590.146557132932,598.525983964317,3461.2699468085107,2055.516210907191,0.04946731574605981,0.08790188217847685,0.1349837932180851,0.14940736752961073,0.08265696074243913,0.06727517060412336,205.46580462238873,32.3857010080614,87.89609675860665,332.80976393514936,207.96450478915588,0.7978723404255319,3.0
DF_E_2000160,spoof,lab5/data/sample_audio/DF_E_2000160.flac,-233.2884831958347,126.37896569567717,74.4824241929584,85.84480226193371,-11.756453370054563,42.82935298887958,23.51519792444176,29.201490887381617,-10.430335685610771,22.851412187363458,-1.250674181514316,20.14742377850998,-15.272741138521168,17.840410005208437,-14.015817399964565,15.733098619852496,-9.04494825998942,11.311531785214513,-8.556368362158537,11.522362929863547,-9.240980699658394,11.386353995632495,-4.140202139607734,7.588980091285703,-10.362961282332739,8.825403278219838,2043.9600033053107,1434.9128402425188,1522.0413049033482,592.3927231881706,3660.590277777778,2063.0814531531987,0.035036748671675215,0.051174030061982734,0.1483154296875,0.16666340328041615,0.09066961847363725,0.07269748576322048,179.23272128765063,52.24670227293061,81.18790948063715,285.415289075653,191.96964730903602,0.7916666666666666,2.272
DF_E_2000162,spoof,lab5/data/sample_audio/DF_E_2000162.flac,-297.43067039327417,100.9600539608918,100.00287779087716,50.186773684896686,-31.51905194400473,46.63640967589215,11.543761772678254,46.844947456137355,-25.732122742749276,35.90429072282751,-8.274353402726193,18.4935241145708,-14.12856508379287,21.12777067648732,-16.775464904435136,11.66209694949885,-8.480030634460297,14.109770883724158,-14.906781973990988,12.088781093682606,-22.307899484609035,11.50590975302465,-20.908181723762066,13.865027872108472,-14.916897669593071,11.129080314561751,1128.0013199595237,738.3214871941706,995.2224751814673,505.5610462004496,2062.5831117021276,1511.820862133212,0.037231809735095024,0.17584850795870205,0.10007168384308511,0.07204516791549466,0.14021168264305722,0.07977832039327064,229.02299072586732,28.40914231312517,103.57128314300607,281.6753495311541,234.15471961752488,0.7978723404255319,3.0
DF_E_2000165,spoof,lab5/data/sample_audio/DF_E_2000165.flac,-215.4084198748479,143.56189232542505,116.77060493484872,51.34072021365192,-28.93755166647864,28.868902000862946,37.958488856182726,26.350039196177455,-22.33555995636299,20.039214319060477,1.7268798634654186,10.704161052093834,-16.75154269327883,12.526796068004783,-11.312137455480997,14.099861165285905,-9.549467247040546,16.068004734500242,-2.5682205118116785,8.928535154550083,-10.812360778695247,7.952082581990057,-7.714331427558523,6.1760787338228225,-8.538334914895355,5.400260029510228,1372.7717998138096,643.4291009621829,1257.5119158478094,270.7615056947148,2644.0829918032787,1029.8591945103883,0.009403595852700909,0.018107743819132893,0.11987704918032786,0.0754562375196439,0.10989040930442451,0.08566434155152948,121.93239123312715,18.4496805153535,81.29345055306884,155.8321189801714,114.57960268653157,0.7868852459016393,1.92
DF_E_2000177,spoof,lab5/data/sample_audio/DF_E_2000177.flac,-223.0318891463741,124.01928205157216,69.74876297866145,70.9935209128464,2.5699319493386055,40.472081116404766,10.219758624992062,16.606274972463133,3.773594942544737,18.431312926191318,-7.557321458093582,14.281496827406691,-26.50811486474929,17.44267893550901,-10.229463183351102,12.171071030055252,-14.540774476143621,16.31926473093233,-0.5585405461249813,7.590260745889675,-7.281278676563693,7.71913903277988,-8.567230256094087,8.985590532708187,-1.600678284322062,8.215281297842148,2184.521105883235,1393.373262532716,1728.452632873495,515.2697752611284,3954.1330645161293,2163.5090326796367,0.060770149542569867,0.084522921980357,0.20243195564516128,0.13826081190112374,0.10437728967630275,0.08152985499578125,198.3643515061736,68.73693319857182,71.10727070245957,381.9122274725062,211.24185198725837,0.7903225806451613,1.96
DF_E_2000179,spoof,lab5/data/sample_audio/DF_E_2000179.flac,-361.9622160122718,198.590818691557,65.36437908808391,51.45840371009309,11.831128294085278,32.096726923593394,22.420514130298002,13.606416629502542,-4.97360094241154,21.713991251315864,6.808715102113323,8.707050595555552,-4.383947081403968,16.47721350056356,-6.671300658841192,14.736823207906747,-2.5785475023734716,8.443208250129679,-2.0939879803745836,7.275842347215715,-1.3567328695897702,7.893265813943184,-1.7074352977452454,7.813479997101474,-2.6360348575277093,5.78305162154991,1869.5889327291084,829.5306828245439,1890.5580390177736,410.0682867930608,4034.3364197530864,1273.0333959695827,0.03383658147405511,0.045368060514199955,0.10796440972222222,0.11522691618332799,0.053156540428725196,0.07916174048217882,101.28664738997716,16.91711074925164,67.76256738172583,156.90324126737002,94.19737599887165,0.7901234567901234,2.56
DF_E_2000180,spoof,lab5/data/sample_audio/DF_E_2000180.flac,-228.4802921482774,141.76762628409918,73.21204883153321,80.53267773435135,7.26556519993016,36.87564257361342,39.572135698599894,30.503091451031416,5.247966640308255,11.863767554601337,-0.09345275896494507,18.611496722724826,-13.986389950650636,14.008256633380773,-15.166874187891601,19.094629574498843,-8.437951014178697,12.292535865271299,-3.5233361640425978,11.543270054156093,-17.233467060034393,14.30174705308668,-2.239172502619321,12.781282710609567,-17.362483915735464,13.63001421837152,2091.531863125825,1346.9664840677287,1647.7758762368887,447.29541059186084,3911.24487704918,1645.0157342076905,0.03315214854121193,0.03982839433288868,0.15309618340163936,0.14916916068228445,0.10539302039609032,0.08489355874383812,97.26805896569662,52.48055270091328,66.13459468664662,313.9183925054277,81.68004360057377,0.7868852459016393,1.92
DF_E_2000182,spoof,lab5/data/sample_audio/DF_E_2000182.flac,-174.44907772007272,73.37129008782847,136.9492714867663,73.91962815083647,-7.023317818321399,26.661495359643588,28.998934855212028,23.31846076673075,-17.46341354633445,21.40655047542772,-0.033851723172771395,15.772395314578604,-7.3862406940602545,12.367580705287672,-11.101504390809074,10.31132039098417,-28.82193687424731,17.65115158267592,1.496337786539277,13.07519605854079,-11.428924409088804,9.219258270507146,3.070767202706479,8.180561258388744,1.303194271650777,9.590219274025987,1255.3247070137288,1019.8796408291631,1172.7657930182784,466.96576591491294,2143.1902985074626,1673.6070350084458,0.019519427688777145,0.039908117341777086,0.08151381763059702,0.07358753705033663,0.19200939593364053,0.09628182770458886,98.0707716184367,7.37779723813949,84.80006623395789,115.12637361816545,97.63621582970836,0.7910447761194029,2.112
DF_E_2000183,spoof,lab5/data/sample_audio/DF_E_2000183.flac,-220.008786221768,127.66170090088755,87.32965741132168,51.00454158568598,-36.7613639417798,43.53938875776505,2.156729978449801,26.50910260988905,-21.767610314995686,24.882989736212323,-3.0335496553081147,16.573814762734912,-21.664191050732388,19.361572559374757,-4.4252897688048956,12.450949890941837,-14.386258933772432,15.485462044365821,-10.584585223743256,11.35817742844038,-22.97067477982095,14.378859732738198,-12.724681962360727,11.169468592444316,-17.037988614528736,10.129894124826812,1674.92981534385,996.1072830846443,1407.255371405843,489.9476197706744,2953.9561170212764,1736.2228646568187,0.02094798945666085,0.03881440364223311,0.1363499418218085,0.11850982004565339,0.1382942067578737,0.09285333999263545,228.76868691806163,26.846783990923853,182.74106905062146,286.33473384094,222.82284426319146,0.7978723404255319,3.0
DF_E_2000193,spoof,lab5/data/sample_audio/DF_E_2000193.flac,-314.4417041600761,146.42128582447972,91.9928009320303,86.86804916930285,11.773697384585768,31.07641418657094,-6.025791048088063,25.249905195286217,-8.717785456123115,28.28152024715986,7.169201867528638,16.100493874442947,-10.365308387244468,18.55011761064692,-6.6901872021588105,14.216628218241143,-14.406583026469827,16.628631957711608,-2.230613393030303,15.119048830964104,4.722310108874561,13.608584478433968,-4.197712509884989,10.5647436571644,-3.9905276759132997,8.37868167566471,1902.0232643119587,1368.7959261431297,1469.2450751611352,685.7030961355224,3332.0974576271187,2362.6972365841975,0.062489157693577865,0.10415958147476416,0.19930978548728814,0.12724831212366844,0.07368249740404466,0.0786499656962444,137.41136288209879,28.02746084236985,81.209184140907,205.07226845561988,130.97299757848188,0.7966101694915254,1.88
DF_E_2000199,spoof,lab5/data/sample_audio/DF_E_2000199.flac,-238.17871791758435,116.15688364490784,118.8103242174108,60.41343121756615,-22.31323335081973,35.892689919712275,23.42779687871324,21.43209317977949,-9.302134939964782,23.170400719594983,1.2026832481013967,14.830076906925857,-3.047918011533453,16.76269032184702,-14.508841954647227,12.743860097810098,-20.54587896643801,12.069652398169666,0.7210057257337773,10.555425784322752,-13.474888498478748,10.332677856101961,-1.3602310037042231,8.774545405374464,-18.00981607969771,7.627588899870154,1448.9857697340785,944.4032725537356,1358.6306052440502,430.46240519947526,2682.9288563829787,1535.4432692370308,0.016253762556400344,0.03426117738331284,0.0963368517287234,0.10044179654329716,0.062476703042890186,0.039138906552128726,102.55696931003159,8.788244412810547,87.76401093094125,123.94629806157427,103.42468056669179,0.7978723404255319,3.0
DF_E_2000200,spoof,lab5/data/sample_audio/DF_E_2000200.flac,-275.0939416994994,159.9028534823147,105.00141907697436,73.0583801594667,-9.041214833314392,44.87295967039937,12.384517615553976,26.467690373381167,-1.4594802918961678,18.949647396732985,-9.478482333408005,16.272056087303728,-2.63400487379096,17.341940768956324,-10.481453069325152,13.561626559665996,-16.239463402622047,15.826491036332051,1.1477852323274502,13.663023987301171,-1.5205863891490574,10.592756676124832,-8.48323698821424,7.826919387155102,-6.594051110247771,7.684762810179578,1772.8110187021632,1153.210976633985,1544.9596339500633,653.0502411473323,3358.2974137931033,2035.9459465925456,0.059159524014287215,0.1116203289712429,0.12820469647988506,0.11625051727079473,0.0763196239134848,0.05983155694473774,108.41615874442955,18.19062321413365,74.44451313242219,188.36956787427815,106.05799025552788,0.7931034482758621,2.752
DF_E_2000201,spoof,lab5/data/sample_audio/DF_E_2000201.flac,-191.59043928917418,64.29305873512234,89.03811670871491,47.446409776575834,-33.031321687901276,50.6431659619337,22.891228606726262,25.28256409849211,-33.22039455492446,24.880928090963426,-10.456328128405074,15.90464855493354,-22.24581283584554,14.38470086379392,-19.834422010056517,11.648811223979546,-15.29339257920993,12.750999383684414,-20.46476729023964,9.86231357029256,-2.2246496041721486,8.1776364426679,-5.176231907403215,8.276181105786897,-12.591672894168408,6.642916984258821,1662.7560752178006,904.1590208102459,1480.4678472149737,514.9555189120854,3218.583776595745,1637.497009690332,0.02871392628134964,0.07730506300711869,0.14402738530585107,0.09253767625289845,0.12533447075080364,0.06476174855028063,237.40340176344424,30.060370352151185,122.2268196211783,309.3672530802614,235.28590207324103,0.7978723404255319,3.0
DF_E_2000207,spoof,lab5/data/sample_audio/DF_E_2000207.flac,-230.87694749832153,124.20342826533476,69.10349140961965,50.8299438265299,-10.734589777886868,33.05146285701206,17.35076075196266,23.76190446016154,7.4257820854584375,14.082526694592245,-16.92541095217069,23.276508286590285,-33.22764263451099,19.26268997854209,-22.8418690264225,14.925193722173422,-32.04318171739578,17.078050934900958,-0.5879851192235946,12.429390747109844,-24.43988735874494,13.35790309506669,-6.3059628158807755,12.921765668806641,-3.130780507127444,8.973331146702503,1803.2586475546882,1159.481716126561,1607.8068705488804,486.49738924024984,3302.6041666666665,1816.1107323823362,0.015523364901582681,0.029066298676089074,0.15665690104166666,0.13193244823777678,0.12083176933410869,0.07980486206296297,193.13342650275413,23.681131010466892,141.3559822514198,249.3753173375232,189.88559539180613,0.8,1.9109375
DF_E_2000211,spoof,lab5/data/sample_audio/DF_E_2000211.flac,-229.80371267899224,114.7786922410121,85.05553486036217,67.58243400018493,-5.309637950814289,31.360944889626168,5.945203963181247,19.79961556506784,-1.5402022379895914,18.191947278834817,1.7079715210458506,17.028564298723097,-35.54591966582381,20.76854653598313,-11.980436691123506,20.945859632295882,-15.997257737685805,12.267633335551615,7.199715188663939,10.3161837755632,-13.76303732589535,11.107861613593721,0.5468827965466873,9.954585206184362,-3.1690800426446875,5.643977021343719,2051.0858699443347,1617.9075381251582,1495.7435035202545,500.14555994089426,3441.0665760869565,2099.305238350049,0.019464723121848732,0.029392504696585324,0.18268087635869565,0.19859873386353352,0.12061512829867475,0.09214309816678483,211.07408846402086,50.87755629411401,65.30705223025262,296.2569007317661,227.73979788677707,0.782608695652174,1.4700625
DF_E_2000212,spoof,lab5/data/sample_audio/DF_E_2000212.flac,-254.16188398549255,149.63417973140164,83.60231655332404,53.77129503066081,-0.9694754447735531,39.295747808819605,21.23123184108818,19.998831918911726,-12.630819895737607,22.992113045739696,1.8524663700184352,13.047101029008116,-24.304281064322296,21.482234788098943,-16.69936531278449,16.99912724786365,-11.107374753750547,14.768037140732758,-4.036938141244398,12.889631437618753,-8.114524538143419,12.037467455104906,-2.3419624677216504,10.22823179737324,-11.538100424471875,11.883476933523731,1505.8684531262136,927.7296860830735,1440.6794084559217,549.7320888394252,2934.3089788732395,1812.2498316574222,0.020029635956977383,0.03930111955771692,0.1337684308978873,0.10082323604794866,0.12452753435846575,0.11946310419822197,183.87094824955682,56.66670421450964,82.83408220516321,344.74463224326826,192.83328972174144,0.7323943661971831,2.24
DF_E_2000213,spoof,lab5/data/sample_audio/DF_E_2000213.flac,-171.17260200419324,107.37035423156046,88.04490844683444,68.98183442328676,-14.43220072477422,36.04320607418376,14.128317014017004,23.60838326147923,-1.5017694348984576,19.774811191866455,-2.3856562620147748,13.470860500141404,-16.47060527319604,17.361635259828365,-19.577892702944734,12.15586993240831,-14.531269487548382,11.94979683206201,-15.770540629454116,12.08808576064371,-9.053361847045574,9.507646077483454,-13.787648820892928,9.641329129695361,-7.045747401707984,8.95918533503956,1714.5918685990496,1288.4531313560517,1519.498200031874,542.4591011838916,3149.185505319149,2122.915706353158,0.047546447838651654,0.08548543999711286,0.1385679853723404,0.14935653650420666,0.1540590607181273,0.07261969762294433,154.65122564786049,26.040591833460915,74.04624058386837,215.39477172551784,151.96299072350718,0.7978723404255319,3.0
DF_E_2000216,spoof,lab5/data/sample_audio/DF_E_2000216.flac,-256.2254250090001,129.90059411650293,52.11560304286116,66.27208562789184,-10.6958714743792,33.032295947530564,-2.2762048274783764,22.65838854738512,-8.692249733512684,16.5877196736334,-18.83929019661273,17.575515803103492,-5.092971786856651,12.885019837752044,-26.88869407520456,15.604090214500768,-7.808871207474652,12.722892885205534,-11.019408631375281,9.085438978274286,-10.694885883290889,11.093272049162964,-4.440001065448179,9.83458812662054,-15.145519742016065,8.923439241756755,2561.342453961924,1379.6266527830016,1929.3863286615433,531.425330924608,4652.277542372882,2201.8814354928636,0.09306968383538394,0.10114372683708614,0.2542124602754237,0.16861375523783792,0.08125962163923482,0.07337887473093442,219.8243598127359,51.82354673455287,69.56063331700959,313.83437703184137,220.0224822822945,0.7457627118644068,1.856
DF_E_2000218,spoof,lab5/data/sample_audio/DF_E_2000218.flac,-247.89781615554645,183.0799004088575,88.95594716328446,63.410965281420964,-7.631965696170766,49.83848072501122,12.37045478676596,24.671642258824743,-2.114661124124322,24.304906990231267,-2.2131516593758778,17.439755909308634,-18.19758029618571,17.05807827684805,-21.2053948254675,17.16600427068881,-2.0405000166226457,16.021940267253203,-13.440505011427787,11.948776166034387,-8.384235653825986,8.346754937424636,-9.132248437532814,11.023112000818324,-8.369910691374091,10.487105249590066,1780.9620998227472,1040.7413479717004,1635.7715723119923,516.2016606738796,3478.41061827957,1701.99687263288,0.026445427700133632,0.0963770363373761,0.14437373991935484,0.1327858240947215,0.0818485396507102,0.05837882778089604,143.89766767692748,38.330856901148145,65.42340906842378,286.005379190253,143.0643707948716,0.7849462365591398,2.944
DF_E_2000223,spoof,lab5/data/sample_audio/DF_E_2000223.flac,-222.53325876276543,135.67449502082403,72.94584744724821,51.75256734208406,-8.42467677846868,36.69745843172104,13.594936176500422,30.39375375797079,-24.884823322296143,23.345861071583574,-22.828239996620315,14.933947190955621,-23.77666988562634,14.060309327650803,-10.20712118199531,12.282008456846386,-12.989772176013348,13.67350881293245,-12.725753552102027,11.486448093182737,-17.43930462573437,9.158515605877852,-9.733242873181688,9.542496397335668,-7.955147755827675,6.262847040324286,2120.212037344165,1276.8507824626856,1717.1241822862426,529.1703830985251,3947.3902925531916,1940.54264122455,0.05735974400282585,0.10040209164327424,0.17906416223404256,0.12056168424216296,0.09108768542144854,0.06117053432719685,205.07682909893094,23.503522220630728,107.13936281649354,248.98739121606968,208.06596503841112,0.7978723404255319,3.0
DF_E_2000228,spoof,lab5/data/sample_audio/DF_E_2000228.flac,-146.0612242937088,87.2042479565829,66.86899876594543,48.441289075540446,-13.930005639791489,41.34478466366512,31.010144931077956,20.455673507620386,-22.84473120868206,25.344767517648055,-18.061257821321487,15.109849322677702,-4.237274517118931,18.123140053120505,-18.109154361486436,13.11587767852639,-24.10813499689102,13.182820916290712,-20.986759781837463,10.389073694125896,-0.3882860288023949,15.40755492370941,-16.997184188663958,15.456384468745673,-11.055712297558784,9.408112297487897,1925.3677249036816,1012.3458375020952,1670.691429640518,410.25276858582487,3656.25,1543.4710416607475,0.030016149826406036,0.06375236281590171,0.14581298828125,0.12045432747821977,0.16702500819228588,0.07113640225036191,247.48270828579354,36.599415775387506,168.53178744565565,307.75412954283263,249.73844862099497,0.8,1.272
DF_E_2000237,spoof,lab5/data/sample_audio/DF_E_2000237.flac,-316.65808097352374,174.21748393200056,58.285066938146635,60.332627487597115,-5.9984372131367945,38.814094986148575,27.437452621282414,29.534646636697968,-9.516652535884939,20.645343479886893,-4.690438235693789,14.139163858007427,-19.58731629239752,26.838386173181316,-0.780906949905639,11.290308619037845,-9.23009377575301,12.464970630170773,-2.0770987384813897,7.453573108584619,-5.754160407375782,9.253532544118773,-14.9026288092929,14.353402748123141,-7.1534070622255195,7.234080672607935,1748.9853180848595,814.9659026278089,1762.3481878534897,607.1874236989423,3748.58710106383,1845.610961149469,0.031253784916848514,0.04306899613784294,0.09175531914893617,0.056934188019379064,0.09909403020595918,0.10442275777063618,179.68344885946755,64.68951836017989,75.30375482230487,341.2072213334477,177.53955615312796,0.7978723404255319,3.0
DF_E_2000243,spoof,lab5/data/sample_audio/DF_E_2000243.flac,-298.6290985195116,123.93179444479637,78.364858619098,81.95466693619892,19.38891286308738,42.83481141821253,-7.300415499456998,28.468801074215037,10.773717636349557,25.124566906676066,1.9997195416483386,16.03791300470037,-22.306916807574787,23.44573994284517,-10.762555980819394,16.927594745829033,0.6938305435509518,12.242971603679521,4.841339632354933,11.500048662691889,-10.773980747694257,13.114690472892095,0.8249402912868851,10.841235663693746,5.359631680894172,9.074302990438833,2060.0000651588953,1834.4807059472355,1513.1738300823858,653.8738195820586,3376.167385057471,2419.1518480136147,0.014072564197495117,0.03194623108670152,0.1978044181034483,0.20927356946255998,0.07623118436333307,0.082314722076969,207.9882370014838,64.11371346781884,82.85934340673677,330.4310569953249,195.24960903864877,0.7816091954022989,2.752
DF_E_2000246,bonafide,lab5/data/sample_audio/DF_E_2000246.flac,-195.02259816063776,65.44058562762328,78.35456711716122,44.02410970367166,-34.210558599895904,36.26115851493072,31.81686525212394,31.91821859898578,-28.35862396988604,25.359995970440195,-13.165148672958216,12.106068604720946,-28.229641020298004,15.112225112087625,-18.206934854388237,12.229298418367417,-23.694652186499702,10.481342275313887,-20.299161285161972,13.195210213149462,3.9111191431681314,8.883952228210537,-10.789808165695932,11.823031704167935,-8.205845529834429,9.29133023836673,1753.3431851110902,870.4157021097568,1536.5196623325699,454.9960103767492,3356.987847222222,1455.1092283733462,0.019719468341564707,0.045534115547961836,0.13557942708333334,0.10750439489483886,0.10671737156290975,0.05358958235389894,245.910570433406,29.273678609369963,206.17969520930902,304.5278983722949,234.59234063881928,0.7777777777777778,1.14875
DF_E_2000254,spoof,lab5/data/sample_audio/DF_E_2000254.flac,-256.5331773885091,166.10423164316967,102.15426297505697,62.65750960242205,-33.83586168368657,50.13982244676042,11.712253851890564,23.334765245593513,-4.039213588237763,26.069472073392003,-5.010178652207057,15.157767582086223,-26.87863572835922,17.00499430167853,2.1803054881095885,12.010240168667059,-12.350667220751445,8.41135211070927,-1.3026033067703247,11.117635561739483,-13.995827304522196,10.368130728503646,-13.85432669321696,9.566514396731352,-8.992630627950033,6.6609166252330265,1551.6445531338638,1026.4940288692092,1358.3062500470187,537.2262589720523,2738.8541666666665,1817.5352890411018,0.011556309018584822,0.0245219898689172,0.14981770833333333,0.12362374523808776,0.08242445126913177,0.07277013692055338,182.5558242944926,52.88869471726613,74.4573528859051,320.65468466856345,166.44625089458026,0.8,2.368
DF_E_2000263,spoof,lab5/data/sample_audio/DF_E_2000263.flac,-336.9641778851733,168.0417270894162,47.39753065580203,60.35703402364547,6.02407960538511,32.75593908231511,21.347502341976874,13.925555151588435,-4.528144049055783,21.921043743305383,11.011001817790078,9.004783533137896,2.2921928590462533,10.74243557125247,-6.247798140402193,15.68326382683884,1.2809466557738223,9.13556001281696,-1.9563379916879866,7.619826608582093,-2.8634827688888267,6.889893753088894,-5.109084920934689,6.141483264466838,-6.807367676570092,6.624956790506345,2634.354639362679,859.2090832198079,2067.7696932855342,455.77590063009154,5235.532407407408,1313.9202196725134,0.0702871424666991,0.06978465058927534,0.21005738811728394,0.11288077143629605,0.04567522982014688,0.0718824363398794,111.96525795417799,44.377213441312364,65.0704325733997,380.4567019932492,98.15376230955151,0.7901234567901234,2.584
DF_E_2000265,spoof,lab5/data/sample_audio/DF_E_2000265.flac,-223.69154471539437,128.0197995434939,85.88867010334705,41.58802135066958,-8.330731814211987,30.100629298114708,15.154438976911788,33.756812654635446,-0.22242941754929563,17.38792688431213,-0.318889191176029,14.15602547308798,-26.783252495717495,18.87938231638275,-13.305935892970004,10.832154668054509,-28.426327555737597,15.611799904324108,1.4604825865715108,12.135016305885621,-18.108481801253685,12.073846825759315,-4.550567561958698,10.811855648388287,-6.572251452410475,7.206344060563457,1567.749825461589,902.6136749718331,1558.9522568448701,437.766358853266,2998.6702127659573,1731.005192586759,0.021626536258059166,0.04174015428065854,0.13405398105053193,0.10623684456475116,0.11029793577333119,0.07119040325234899,185.20085367741714,25.27984299755585,76.68559927568843,235.53772591912562,182.62417551101348,0.7978723404255319,3.0
DF_E_2000266,spoof,lab5/data/sample_audio/DF_E_2000266.flac,-258.57174114470786,91.48967606408206,84.30066511304454,76.3333005033384,-12.023064791205082,50.285699098362116,9.856289924459254,30.759882479981062,-4.936674883866564,24.665658990899704,-22.0108813595106,19.699408802323436,-14.431793675143668,23.518071158451054,-7.7111078797185675,13.580669738716734,-16.662624827566297,16.01574261143321,-6.367416679997869,9.493962951493591,-13.87325956406904,13.64331616548911,-17.87693397875162,14.307095688317807,-11.127289819907634,9.378733312606625,1970.004483288571,1641.2420163750141,1425.1773006704789,683.2568576195172,3351.5625,2422.7869122234465,0.03725850257895682,0.0847682931090975,0.2016341838430851,0.1782196870742426,0.10010658679079534,0.0776818759186511,192.0702672364844,31.229548862158957,98.16782006033549,248.79199459304132,192.54183230914367,0.7978723404255319,3.0
DF_E_2000269,spoof,lab5/data/sample_audio/DF_E_2000269.flac,-251.4009963908094,108.72288193414526,94.7532948889631,64.66065643504027,-4.230007683977168,32.751368248056664,8.630768323198279,27.435079635742905,7.301205152843861,16.16859189840987,0.6242712710766082,13.55286518841662,-19.45884983970764,16.596795645633883,-9.09850316003282,12.234187452687822,-19.317764134800182,13.238862927074067,-8.957280875837549,13.184269054716484,-9.674934578702805,11.685092531859853,-10.746524465210895,9.032913094782574,-9.070993279364515,8.084545027735443,1794.2597820141516,1425.348212839419,1600.190256264148,580.5421442718833,3223.4873670212764,2234.5723723006863,0.049150676571251946,0.09698996592828095,0.17460210272606383,0.15511481714451753,0.09316421870654325,0.05578419846243941,139.25839396527167,14.646918969767215,116.90643863081748,174.82816943509906,137.38274791959407,0.7978723404255319,3.0
DF_E_2000285,spoof,lab5/data/sample_audio/DF_E_2000285.flac,-138.93734918638717,46.69758670915857,132.77033663904945,63.27751916110173,-39.937393798384555,29.798069096061305,65.62725204645201,29.447645659188943,-11.872487804224324,17.790114491396185,-9.60233851574188,14.80249396543558,-13.556776390519254,19.556183064616096,-22.42912260460299,15.23345710239961,-11.52946910747262,10.978028309436423,9.13012987513875,16.037205083998543,-18.38775171790012,9.153001100651124,3.959034179532251,10.575559257959778,-5.556323334228161,9.054370583087389,1407.6171991207907,706.6950473744998,1211.0366097253361,319.8700777585163,2711.6642441860463,1075.7259365285443,0.008784011272266155,0.016390701482459257,0.10168740915697674,0.06821672371111487,0.15383333167017893,0.060925105552276045,114.31257183842631,51.83382457986682,83.67311624629858,289.13746968478057,93.69016116790948,0.7906976744186046,1.3545625
DF_E_2000289,spoof,lab5/data/sample_audio/DF_E_2000289.flac,-195.6516929797912,117.25649595775076,99.31812991988792,63.34028139744292,-12.00564809863487,41.636601637677764,19.208644276924346,20.57677115959153,-10.679021033678161,19.470595701122406,-8.157769919781202,11.505199614458679,-21.35033960556716,14.08529669807393,-8.731680534528882,9.35356789972374,-19.378674107990907,11.862651358120361,-6.055695738685265,6.246049342162638,-12.625796751359875,8.129808931189274,-15.304850202263072,10.442143086949764,-9.965962756215855,5.725220985037573,1569.558043860679,1200.6224019228196,1477.0304680025026,618.456557562124,3033.44452247191,2088.9686664685046,0.024393812201922403,0.045670203988594824,0.1322803283005618,0.15818687928861677,0.164235912669866,0.09457026868405004,180.0344892473971,30.702284246070448,86.65922400369125,254.51805417598754,183.10033315275697,0.797752808988764,2.8200625
DF_E_2000301,spoof,lab5/data/sample_audio/DF_E_2000301.flac,-289.766418538195,154.3542637705559,54.417007285982685,43.197836278449905,-17.516909464817257,44.981958926049785,22.238613165697043,33.252810468928345,-21.241582728169384,25.159195875960233,-14.728926844340055,14.633050317043363,-16.683044462821428,16.493966582591145,-11.35421621075217,14.616536614935747,-14.785850854243765,14.567030209216576,-15.926661513408924,9.222855992471194,-19.001239553341602,13.779456530703262,-16.358959175487783,12.874701140035816,-12.52705834653387,10.384337936703309,2004.9898374900563,947.9913589794506,1791.4089837179488,581.377767372941,3934.6742021276596,1841.9854446756544,0.04661512693363623,0.08324059305101512,0.14453125,0.1132656654838416,0.08640709796296467,0.06630575704972036,210.86569721077012,30.095709875416112,97.22172856178713,275.85466656656587,208.49746720612134,0.7978723404255319,3.0
DF_E_2000302,spoof,lab5/data/sample_audio/DF_E_2000302.flac,-170.07466866107697,56.622015303150576,129.16690180656758,49.5562564502898,-25.32579431730382,24.883378680018602,60.85891591741684,30.511307178758866,-20.18644480312124,15.17362446622248,-1.3756115924804768,14.207458103327347,-7.077824784403152,12.630259545290524,-13.609679221155796,15.464265398072783,-6.597961162316039,9.390827244049941,-9.337954518325786,10.652378136894137,-9.863301550454281,10.034908432663501,-3.991224005184275,7.8437177376892855,-7.997931199504974,6.169312629785162,1190.913802713519,680.3559669483276,1223.1389953927203,371.9382089846223,2429.521276595745,1203.96984075857,0.007714718926666698,0.02039022774282832,0.08303378490691489,0.08197407120552126,0.1649802802725041,0.05732979502426997,119.21917822551899,8.447988159780316,111.99809937865507,146.89997491928185,115.97710262477574,0.7978723404255319,3.0
DF_E_2000311,spoof,lab5/data/sample_audio/DF_E_2000311.flac,-199.8726561582541,106.3292509600909,91.10889247946346,57.786360193277815,-12.77513185501853,42.11840347479503,34.58272690712651,23.824577451755786,-2.644568332388431,23.199341999651374,1.497739194974869,15.90464825492088,-9.690041792920873,14.742223509142452,-15.282084283949454,18.14610582379177,-1.672927486745617,11.775954514856718,-10.495007281250592,12.657143937159848,-4.155911575389814,9.910906371831555,-0.9270868376840519,10.273349802237934,-8.559711651428591,8.705524572186942,1835.7412058723485,1166.7986586023133,1551.5953208411381,419.01741940426086,3469.2444620253164,1653.0601399718382,0.024675706471463877,0.042688796429669815,0.13563711431962025,0.1196022924253258,0.08277453345620911,0.040284275891914835,114.8288594764779,6.458237056015785,100.92085478557756,126.36854246421292,114.1656428641869,0.7974683544303798,2.496
DF_E_2000329,spoof,lab5/data/sample_audio/DF_E_2000329.flac,-280.5858159292312,148.59360442876152,92.34958625975109,70.38108135527037,8.77780016192368,27.558611411091768,15.56947150932891,19.831029107078624,-4.550480988408838,18.56466837517231,1.5353262587672187,15.307681542359532,-9.13402306554573,16.47193819720805,-16.415130093693733,18.42309159940379,-7.76445547154262,11.15214062951162,-4.293871240956443,12.93942387946854,-7.8908753879368305,10.452365771303514,-1.2568962299043225,8.110133143012959,-5.7603500833113985,5.45247284763497,1834.3040328972997,1101.7746630292277,1675.0710117749172,631.7827330234885,3557.1056547619046,2189.2873013667286,0.09508870715955622,0.13779851761200013,0.14705984933035715,0.11948136193487703,0.10674461347281024,0.1209100372302569,129.4296250146706,51.70845545425449,66.95182539989288,268.09507419599964,106.26219292532348,0.7976190476190477,2.664
DF_E_2000339,spoof,lab5/data/sample_audio/DF_E_2000339.flac,-140.94091104953847,73.63087265388971,83.04701458773714,48.56029408861209,-18.438071027715157,30.069194284401163,28.1177596056715,19.24860617287088,-24.973070299054715,17.272215698094538,-12.012361714814572,13.246381400084507,-40.24925462996706,15.591957612495513,-14.09444904089608,10.469623914865275,-32.15302463541639,12.084952434309558,-5.601491279741551,10.161209354301072,-22.8195457199311,7.470423605638794,-5.2411040625673655,8.475491553484375,-10.557831292456768,7.325640511513406,1587.3528930409566,884.5389140775005,1504.7144262176512,438.07116736527877,3124.584441489362,1581.1258396377668,0.014041402935908217,0.03018602188297227,0.1453675615026596,0.1033793914843871,0.20015197191040646,0.08168403270175287,210.57236499351768,29.393919122418424,74.11610385654265,266.86601244207367,205.41035696093513,0.7978723404255319,3.0
DF_E_2000344,spoof,lab5/data/sample_audio/DF_E_2000344.flac,-301.2379632429643,148.86247555382417,72.1149096824906,50.16570351619788,-28.486464923620225,54.406069113429574,45.23379446593198,43.242912910292866,4.554690639539198,16.408661750277673,-8.502546374364332,18.839013353733183,-9.159467246315696,18.574459429706227,3.5706180464137685,11.070807881798688,-9.097720179232685,14.41840399944707,4.206016955050555,8.784521282313396,-7.811797962405465,9.27669284228963,-21.7243105227297,18.610688314114146,-1.5978270714933223,10.92517077715396,1464.8700806415263,1004.034064627911,1395.2452424397773,575.6770757073659,2912.3579545454545,1598.0131060596561,0.005165433186613716,0.013943019178262015,0.09636896306818182,0.12771760793531592,0.10542988933818627,0.0950266491022662,167.384824388475,26.64613862190728,83.7457339993902,200.8637288738822,174.77486049029707,0.8,1.728
DF_E_2000346,spoof,lab5/data/sample_audio/DF_E_2000346.flac,-251.7680233800134,128.13951090222687,119.81262157250976,82.3500670950569,-28.89459395547246,41.83638517696852,29.58311886981476,34.990154685328136,-36.698601621528006,27.88862800186878,4.905501385067785,21.048801373709058,-1.521977079469104,17.800303312649795,-14.570653811790223,24.09525696461232,-2.381794271080993,20.103750333184028,-6.643751852214336,19.146036767262075,-6.771963119506836,11.943827207684969,-2.5319474013738854,10.56838429755616,-9.669277324232944,9.602368295291532,1353.3154336023874,1042.0743531316193,1157.5775371493269,430.4434868786545,2390.9883720930234,1485.9079766682794,0.005698170845382561,0.014684073030294552,0.10240847565406977,0.11601184326342137,0.1247361226110221,0.08043471347850852,121.21779106771986,9.971989044054778,104.71861140378662,146.87015290927224,119.18923418107164,0.7906976744186046,2.7306875
DF_E_2000347,spoof,lab5/data/sample_audio/DF_E_2000347.flac,-214.1479301862819,67.203108028961,86.82457566645837,51.90867473215108,-19.203352273151438,30.375995317641774,15.58994996675881,23.660984685849858,-15.807806411417582,20.18032106985727,-6.106652325519952,13.441079666822635,-38.13655335736531,15.383205023342736,-20.26003664748002,15.303865501534426,-14.244160756949455,9.064541387617691,-3.960018942272791,11.570610358611981,-9.610074924525394,8.871776636226762,-7.521189922927528,7.999769248022641,-1.7455541855224999,6.531923126734976,1581.4250640148605,1065.0317742952686,1408.988949922378,421.92429708481546,2761.592741935484,1688.8775975830868,0.03929718795290526,0.0760925836701626,0.14180107526881722,0.13126232983030012,0.12575616929880393,0.08252841353332512,224.5760792914002,40.238887076677194,99.47536485773087,295.1380476983153,226.15679843758812,0.7956989247311828,2.944
DF_E_2000348,spoof,lab5/data/sample_audio/DF_E_2000348.flac,-200.91578252264793,105.98177515525724,116.0468265655193,68.4101618953767,-6.5123803368274205,36.35196464577068,46.173614572971424,29.15047395821219,-9.73322577045319,21.458026285989337,-11.060442538337504,18.048898595460138,-3.0225211616526257,12.66120157505823,-15.232695523094623,13.658007500843613,-9.340172573289973,11.337863836487388,-6.309238241708025,9.719653390094207,-9.066434652564373,8.622074398399326,1.8711183743273958,8.468740102129182,-7.053718791997179,9.177209052842045,1380.783538777837,925.1078465671975,1339.542421360899,488.8642883435307,2695.728058510638,1598.880963725105,0.024071143389904893,0.05466173893239176,0.11692258144946809,0.09604924835256545,0.14124212381207046,0.08736157242094343,127.31584844439077,13.593661162536764,108.3803521181698,164.79836222671818,123.55532060650964,0.7978723404255319,3.0
DF_E_2000349,spoof,lab5/data/sample_audio/DF_E_2000349.flac,-191.1078749223189,99.54549223374718,52.67033587585796,50.62658340906978,-2.9909435749053954,36.3150328047624,8.25609639341181,20.096592739067507,-16.452355443347585,17.37435571692081,-11.15854207466949,12.702635035126065,-25.74045024134896,13.34205798800608,-13.228651760924945,12.050251185939294,-16.478866586901926,10.928139402132802,-16.13078444437547,8.280432010126628,-16.130703753503887,7.430617187959191,-11.871885685487227,9.19406061143382,-7.4293820527466865,6.7050605191401464,2367.302636759487,1231.8485749413856,1870.786008625904,459.3344951265017,4417.329545454545,1855.048735900102,0.10729295959145847,0.13329692905546145,0.20856711647727272,0.13832963762237308,0.09231308946724642,0.06488470685708532,213.95590939843098,23.532213817815524,177.48364850951978,255.3093075373279,211.21795141025672,0.8,1.728
DF_E_2000353,spoof,lab5/data/sample_audio/DF_E_2000353.flac,-299.86853875505165,176.82414501862166,72.11646262128302,58.58298508257184,5.48901186217653,33.38021126422654,33.08844243338768,21.80584493396226,8.07712533435923,13.262049626186569,3.6030718275207154,14.735512535850452,-9.805681858291017,14.268456593463307,-7.071815336638308,18.034207607952528,-3.942967135855492,11.41040054432944,-4.26602748638772,7.840020141954273,-7.3531794459261794,8.26070607177813,-5.49931226401253,5.783107375678968,-4.427744937703965,7.9443435669711215,2128.3488197798924,950.9395776723603,1892.6147993901805,492.6225800258407,4367.686170212766,1631.1298372729607,0.05322862293836264,0.058852791682535696,0.1509256565824468,0.08770649175602768,0.05828308815228198,0.06107542724667297,117.16853700978407,17.64402133790285,86.01729079773874,200.381109543427,116.62197280228189,0.7978723404255319,3.0
DF_E_2000356,spoof,lab5/data/sample_audio/DF_E_2000356.flac,-196.11562645688971,110.12487088455677,103.53941516673311,83.84313101004204,-25.09254653212872,40.20192052927528,51.02116586806926,27.781868868157208,-20.259765164015143,20.86552999717662,5.958158313435443,21.990568313042008,-7.603085070848465,18.062281358177394,-7.335873325137382,20.039643465865783,2.2393305441166493,14.105175186442047,-6.577585856648201,13.934307701703242,0.951298549454263,11.199825936355072,-4.622696111810968,10.857670440646775,-0.7109492417979748,10.999924574128743,1609.897512979113,1133.568748695988,1275.219978046323,414.7824111141621,2827.958776595745,1512.1689159114367,0.009972386244590839,0.022593994966976318,0.14876475232712766,0.13313453767988684,0.15886786686717236,0.10155257289693564,121.59102494340877,7.922086682299109,94.71774069121237,148.3195918531936,122.6768762613643,0.7978723404255319,3.0
DF_E_2000361,spoof,lab5/data/sample_audio/DF_E_2000361.flac,-232.60704519393596,113.84800877822038,75.85367179582728,38.00039728331957,-29.23640287683365,64.33501975431581,40.78531394867187,48.517757027372674,-22.11138268861365,38.62134023941687,-7.138366945246433,23.73519766288877,-13.687330948545577,20.714506978457905,-11.792157992403558,19.43922798690782,-1.3686539600504206,16.873958709436213,-16.957161907502947,10.335311904575732,-25.353925412956706,14.163892489491765,-18.690884441612884,12.735288973444657,-9.781964581063454,8.131491272208319,1733.8610453757983,1051.40891555809,1411.6080087152727,561.407474009929,3061.918218085106,1696.6246359820118,0.014623659398858627,0.046075367160034394,0.13474484707446807,0.12035536780827569,0.14907306791691882,0.08985670762445404,218.63773767669525,15.503434013635456,176.22885428696992,261.0561800389341,220.19774721240648,0.7978723404255319,3.0
DF_E_2000366,spoof,lab5/data/sample_audio/DF_E_2000366.flac,-294.4837415016304,120.59272022031308,75.19904050988666,61.733423196583054,-3.935111840650187,33.413291641880015,20.47435885566776,28.983272940809734,-9.969931672690278,23.68500905223237,-2.9198390715203044,20.87573830588404,-14.966267654577555,17.361594225153734,-13.808788341990972,12.718620760677881,-10.148171343035617,10.720980038759587,-7.88226786811473,12.571090942404371,-8.959375507750753,9.763030065077892,-1.8590117872266445,9.897824283782771,-7.592531712125924,8.435541535869591,1877.6069100483344,1021.6093446170685,1585.826682846548,506.32046881935264,3470.0741525423728,1578.6376342027022,0.043743992374726016,0.05936929316719577,0.15135063559322035,0.0923151666376699,0.05744312751754108,0.05834417204648115,172.87292599105183,31.682780223045576,84.01037131712457,223.31869471415095,177.70243570661728,0.7966101694915254,1.856
DF_E_2000378,spoof,lab5/data/sample_audio/DF_E_2000378.flac,-135.83226141016533,65.85020904637027,64.1768918392506,46.49399036670807,-22.507767563170574,41.48287037813057,33.361551109780656,27.93224236970723,-17.961140084139846,19.087360370961793,-13.91379982946401,11.708662597672422,-32.33763764766937,13.908545122451857,-14.44448760040897,9.033407071624849,-16.525030992132553,14.242296886215865,-22.887751919831683,14.342723777821432,-4.441755167981412,10.958865871268095,-17.000882785053964,11.935512756614933,-2.5412865759844476,7.83553973440978,1909.6496941270595,980.8161875639976,1652.8114244210826,451.4587101751838,3707.8623670212764,1522.0799231430508,0.03183190006421547,0.07087661906399381,0.16297685339095744,0.1270367117363071,0.18392669514287263,0.07648062423575604,193.93746390258522,35.13166525447868,89.93467222640001,265.7842775084506,194.6370398746645,0.7978723404255319,3.0
DF_E_2000380,spoof,lab5/data/sample_audio/DF_E_2000380.flac,-155.74497531829996,108.34690672531183,95.89570769857853,66.04496703548533,-3.4622340532059366,40.13171325062102,55.57605371481561,32.471238617530695,-3.4806306825039233,20.234367800304,-2.848134142287234,16.86178041774058,-7.6628915987750315,15.746217853720461,-6.737076103687286,14.496016486783084,-16.77200296901642,11.672947240985373,-9.55286354206978,14.333915610318206,-4.869733597369904,10.108837113084762,-2.739371967442492,7.496423008582923,0.7920296900766961,6.9842530478102365,1620.3362213270407,985.0511038629974,1476.5820364527729,443.30651108093707,3149.434840425532,1452.2240016403805,0.02261722032756339,0.04187479027494714,0.12804396609042554,0.10043269516100568,0.15962356629538688,0.0879393860441335,114.12441909013387,20.10917667420079,90.39898809906335,170.43084706264315,109.17276053535578,0.7978723404255319,3.0
DF_E_2000382,spoof,lab5/data/sample_audio/DF_E_2000382.flac,-152.06330183719066,77.87722052729002,81.45563423823803,58.73882680749717,7.799078001620922,41.681857742720084,7.450393078809089,26.82969619222369,-4.673727734133284,22.06458153138014,-4.960552288496748,16.1504921449078,-30.041690724961303,13.714267798831596,-19.041303996075975,12.29843337210544,-14.663337968289852,12.405953675885204,0.6890803559663448,10.75957378103631,-9.927387548570938,8.693654820898326,-5.259024361029584,6.88822679880198,0.6941249111984321,7.289821036055128,1948.2801042199308,1195.0067925449055,1768.3368126918228,624.6330723596874,3775.182845744681,2113.2466544340427,0.03854990512503564,0.07119487223645225,0.16827002992021275,0.11697426964147285,0.1605755273931402,0.06321642925928628,225.64676968810736,29.997475006745766,178.77580864209727,292.17238957284644,222.97426545164234,0.7978723404255319,3.0
DF_E_2000388,spoof,lab5/data/sample_audio/DF_E_2000388.flac,-343.7857822549754,196.59847489738607,43.2193676414846,60.12518345572539,-23.432946095521423,44.385725519641746,-0.891282249713081,18.637787551449065,-22.522635947356278,24.98840216407334,-15.54249022918186,19.759953207409765,-20.04969531811517,23.82823140463964,-13.950788056713412,18.74345894362709,-17.261988279805788,19.43941305977535,-5.894061611644153,13.161533964502267,-15.48566975093436,15.344204735443217,-9.980140254415314,10.61580497829075,-1.9535823164657615,7.563206314191301,2556.492957313502,1185.3109547137412,1923.1825412636263,643.8955571699207,4788.793103448276,2030.2026920810251,0.08444231457419271,0.09258881089357325,0.2439105154454023,0.11415393149610571,0.06922028214115737,0.0725500460981046,182.1422467932802,63.209556385584584,67.80596928346353,264.10247354066405,193.21719494005995,0.7931034482758621,2.752
DF_E_2000391,spoof,lab5/data/sample_audio/DF_E_2000391.flac,-301.7906077067057,140.52886284436642,113.64598667091794,70.78287328647339,14.563393032550811,16.669555701294495,18.37260828812917,14.13621200180036,0.30082957281006706,11.318040357237724,2.0752719243367515,7.5654226329656575,-6.724413046571944,11.600449234664877,-0.6276110556390551,7.9665603394597655,-6.629411658975813,9.79056708433255,-5.453596181339687,7.1700568179947055,-10.153165486123827,9.500703866130602,-7.199725675582886,7.281479129927025,-9.951082705126868,8.918403042767444,893.9682455140274,572.5958115529811,1280.8033103540317,565.4414477740605,1846.5277777777778,1606.5721577902214,0.010405899558584982,0.024257563284505814,0.042393663194444445,0.04252656404277751,0.15545944246356763,0.16138417336558625,122.44489362714705,54.286216301815756,66.08652179002266,239.8120270267491,112.88253787344141,0.6888888888888889,1.430125
DF_E_2000395,spoof,lab5/data/sample_audio/DF_E_2000395.flac,-286.39972457885744,180.62260997011555,77.72989835632698,72.2311702465786,-2.9407777598925997,41.60982016853429,9.512272072689873,15.990006628594175,-7.777829260485513,23.119764686146162,-0.0643767135483878,11.870821897037636,-13.944760127578462,12.014538305910182,-12.195199332705565,7.735423458511054,-20.46546412536076,11.220962398543884,0.10912791405405317,14.52008997787577,-4.724750901971545,7.513213290480384,-4.637312493366855,6.465365805841258,-10.319587487833841,7.22180168158699,1958.7706728373632,1228.0722186196456,1651.0687841526792,575.35371260256,3730.5803571428573,2074.111971313794,0.037959042672030464,0.057190000660861676,0.18220563616071428,0.13754175804764732,0.05753906792233465,0.05741476500684728,139.70635879796154,38.394392021114065,71.59048263477347,361.0819571726065,139.59580216707624,0.8,2.216
DF_E_2000398,spoof,lab5/data/sample_audio/DF_E_2000398.flac,-170.9261887550354,67.96260862119057,100.91299200057983,78.38119698300456,9.042976831272245,15.918838079580697,32.82338693141937,35.164813803674825,-0.34229246005415914,13.620755498153347,-0.6080040231347084,17.699767982201866,-22.794143050909042,19.384313109814332,-24.031188616156577,12.82180309364073,-15.892050388455392,12.912635422670132,-2.417101576179266,15.445023378204056,-13.267065288126469,11.88519926936832,-2.927754873037338,8.544897911227972,-3.86314779818058,9.549331463698405,1504.973477635802,1166.9784332902102,1366.1560540630915,478.28034855100185,2721.6796875,1987.2393263207337,0.03588045935603077,0.07226641760539881,0.11826171875,0.0866283185799342,0.15169449551030995,0.0750319531589983,123.2927667110607,30.12510477722224,75.14017236310792,183.5800226799184,115.22151928158857,0.8,1.254125
DF_E_2000403,spoof,lab5/data/sample_audio/DF_E_2000403.flac,-205.41147081902687,87.76736718470315,102.2705269189591,68.63841676035885,-31.928939770510855,44.47492060948491,0.24552415152813525,27.91762878833421,-15.376860552328699,18.94775098602115,-14.849059982502714,13.62815632372057,-33.70804744641831,20.676289320300796,-7.924584524428591,15.048822181730277,-23.37370841997735,11.42904088231755,-6.597280946500758,13.364437989755803,-19.537753176181873,11.728989666960677,-17.653501014443155,15.472565202176309,-13.82562053266992,9.421056706421403,1751.0390696331751,1381.3330311669285,1335.7128635805777,552.0730490204274,3042.386968085106,1976.965038088648,0.011811880174757382,0.022243811103583252,0.16890895113031915,0.1793371695665828,0.11409003875358278,0.06313775952656016,202.5782666156782,43.053506039293566,84.74300194542103,283.7818763462007,199.8199518335888,0.7978723404255319,3.0
DF_E_2000406,spoof,lab5/data/sample_audio/DF_E_2000406.flac,-283.1878679153767,143.47914996339205,92.22549284598294,57.62758250786054,-12.259050621631298,31.576683393837605,12.797141001421087,21.019876502497812,5.588737197299587,22.705494377481863,2.714956854133213,12.452870501985823,-18.66267454354687,24.16256643791119,-4.85368438695181,13.130660376004093,-21.329221740840598,19.466860438551894,3.5447745261753494,15.119424812107697,-6.873553071369199,10.954159364739777,-5.5919012916373445,9.734120886192438,-4.343892491323516,10.611986606117885,1546.4567095030163,964.8275946484279,1522.5946542937197,594.4555823984075,2965.1761968085107,2008.2595927614655,0.045188869086137236,0.0794158140043143,0.11360330784574468,0.09299875619723241,0.10926140418481775,0.08973183461825067,149.85925568868748,26.62791466257382,72.1986348847211,237.21772445322895,143.97115241056238,0.7978723404255319,3.0
DF_E_2000408,spoof,lab5/data/sample_audio/DF_E_2000408.flac,-128.43105499744416,80.98489159955969,131.51287603974342,64.4492120781018,-15.456045651435852,36.02280421268977,31.075648885965347,23.37119240532881,-10.586658111214637,18.45435575986496,8.69090997800231,19.894438148445328,-12.007553559541702,20.699262827803892,-17.83380752801895,19.535780111228085,-23.0168573230505,17.057782822584933,5.086448560655117,15.319750466718142,-23.323803091049193,10.913975381555758,10.738354120403528,12.498452572355166,-22.355811727046966,17.094514440186362,1554.7441488179504,1117.598409473652,1359.2558947028022,529.8490910951826,2947.265625,1701.8978072258728,0.009162680189047024,0.019411525216512446,0.1117919921875,0.10343440198148543,0.19227505750022827,0.07975119976545424,103.82133125795087,61.12782850664194,73.37951573359771,285.67549091480686,82.6447440147105,0.775,1.275
DF_E_2000410,spoof,lab5/data/sample_audio/DF_E_2000410.flac,-207.81764184469463,125.3355625001452,60.87970801605575,57.431716697169065,-3.0905998883576227,37.741283104954725,1.6750467282602157,22.373493303532747,-9.787729079695954,21.014364275540427,-1.6862675095426625,15.173511957547671,-27.885682837716466,16.077273170969118,-13.387637454887916,11.276223490185945,-15.5055309794415,13.323913771817745,0.606734516805616,9.550195475307845,-11.592910295587847,10.179873146056714,-6.989517349878262,9.524555145677272,-1.4676693387586495,6.826214756612618,2238.529500758657,1394.7238218298078,1746.9750832006478,453.2496977375958,3976.293103448276,1932.0665930503462,0.04076896562798339,0.05559374818759006,0.20351786997126436,0.17126872662535253,0.12028522416899093,0.10422084777668426,189.2797516486334,55.115690222635905,68.63626982302254,307.28587994316484,192.0847425509823,0.7931034482758621,2.752
DF_E_2000412,spoof,lab5/data/sample_audio/DF_E_2000412.flac,-269.74803777326616,125.38475569054884,148.1221156203956,90.47163316247638,-20.6634010560157,30.804332297879387,-2.578290397660774,34.27937535837628,16.020700412361247,23.010243040466772,10.685836038568564,21.629095155508548,-36.744894077903346,26.018102059653177,-14.784758053327861,14.617349525305439,-20.390419865909376,16.964947458145947,-9.3821011196103,17.99804746154075,4.212061623209401,10.909463772772813,-12.482660055160522,12.210491954987894,5.2585536497726775,9.334378100091405,1120.1531940898767,763.4838517438747,1059.609421569838,566.853797967863,2126.09649122807,1326.0121210964498,0.0012849883757669151,0.0026884519907164647,0.10137404057017543,0.08301107542374582,0.1259989761589136,0.07728490411422702,109.66529441748496,30.427076174941188,68.72474127723049,284.2893867539958,107.54354710599877,0.7894736842105263,1.792
DF_E_2000416,spoof,lab5/data/sample_audio/DF_E_2000416.flac,-199.91477931834555,94.15280249430694,87.49909031068957,47.839026197185206,-4.1425551800309,40.7551403361857,26.48978398377831,23.538242538143873,-10.372851428147909,23.30156372965353,-1.0763197996326395,17.47886899569993,-14.230395429037713,11.776990964817625,-13.63398123915131,15.582581255100193,-2.8303234073761345,12.089982101289904,-12.343419777380454,13.834624991717178,-16.00469913232971,8.332543442500464,-8.423349227856946,9.475288711638866,-5.104262010471241,9.729800155035985,1815.4321647776771,1064.6311378206144,1660.1150112430073,529.0201460357541,3454.391891891892,1847.6775776880968,0.03900420409232735,0.06717601410398207,0.17846019847972974,0.14852872610788045,0.09127319604158401,0.04026804302555194,185.77952772906616,26.589554138192927,147.71338278091704,258.283871349925,176.60102555029164,0.7972972972972973,2.3631875
DF_E_2000418,spoof,lab5/data/sample_audio/DF_E_2000418.flac,-171.40462713241578,71.68293156722173,77.30442787967623,58.76075469468321,-28.409179661422968,49.78726432977987,4.977745015360415,37.97641230871594,-29.348951984755693,23.76520165067505,-0.2873958840966225,22.608475103471164,-23.148534080106764,12.749421123460541,-18.898917666822673,17.662712585562566,-18.3702622782439,17.308897064582208,-7.0839391350746155,10.003662206551452,-14.629894709400833,8.749150014944583,-8.269223985821009,9.624791308346017,-9.972823073901235,6.362241902112643,1957.5876183738717,1424.222131051996,1468.0021070110618,442.92377667303276,3303.61328125,1916.6296336148414,0.03650389348294993,0.07245731690831778,0.1732666015625,0.16795581679121693,0.13169980189413763,0.064834431521123,206.6182388441777,37.61890653527939,73.73891366040708,273.8688084698691,208.99162658228346,0.8,2.536
DF_E_2000421,spoof,lab5/data/sample_audio/DF_E_2000421.flac,-240.75133654411803,140.03142632866587,71.70328362444614,43.26178230546896,-20.492625400106956,33.11027319875274,13.191107082240125,33.21640584369355,-28.2950043576829,22.771210065361338,-20.280392144747236,17.70904920618939,-23.625286789650612,16.046709127485883,-12.902521663523736,13.746861770402,-18.259795916841384,15.217838114996189,-13.207822116131478,11.783292735033497,-10.110432663813551,8.98957529257012,-9.507128959006451,10.339605222646492,-5.1124442040603215,6.514762519267647,1791.8098910531066,856.7973592562951,1612.8026015154242,439.87720154531314,3386.220079787234,1607.1049977254615,0.03727387185295192,0.06410599728865163,0.11441364694148937,0.07664285742843502,0.09488180400899666,0.07445697491574352,208.75869990731667,18.833906924286698,167.5541176424346,251.54093794184945,203.7709632370488,0.7978723404255319,3.0
DF_E_2000433,spoof,lab5/data/sample_audio/DF_E_2000433.flac,-284.8597474605479,134.22486893200283,58.73465171773383,60.42890704178037,-2.862331825367948,42.12186489092051,28.759030404243063,36.867202443157744,-15.729330029259337,25.988116111765247,-7.950591185942609,11.93866763613434,-19.636417807416713,19.415951391374612,-14.592950307942452,15.687071442741122,-7.380232107369824,20.712273501097656,-8.831163369911783,18.706089432965648,-4.497369377219931,12.090898967348764,-3.5868443941816373,9.255882515764116,-5.533999343343238,10.26847535263946,2294.2784404808804,1315.2291435835475,1707.8167086310577,515.0400234438996,4055.103058510638,1893.4769347207362,0.07945175050087741,0.10301471420982972,0.1881596991356383,0.1420847332067625,0.07403549698907189,0.07740382534802025,199.45441080733139,80.973939570506,66.65062304312916,368.13721758256696,228.6410201719075,0.7978723404255319,3.0
DF_E_2000434,spoof,lab5/data/sample_audio/DF_E_2000434.flac,-157.29330874503927,78.13970111470297,128.76912822368297,60.17472601662767,-0.6385808479278645,32.992948112827634,40.43438406827602,30.246934363831578,-23.06016188194143,25.744636993735654,9.549270212650299,15.165535367340576,-5.36642997188771,16.09778760501956,-12.59602768703344,11.981244785860165,-3.812922599071518,11.19387922703511,-12.717059688365206,11.206568708534927,-3.7984414056260536,8.970452869739963,-6.804383880835264,7.367698657113649,-4.940902031165488,7.466368996498413,1375.8952048351102,906.6759146119618,1376.9944387974522,478.32891322484045,2651.097074468085,1588.3714819678703,0.025518211423177298,0.05425497341583079,0.11472012134308511,0.08562820726622042,0.1604223013589248,0.069546020941818,122.14986395310648,17.831529718826285,103.52790569081887,175.48326563194578,115.5784173793307,0.7978723404255319,3.0
DF_E_2000447,spoof,lab5/data/sample_audio/DF_E_2000447.flac,-223.26420057580827,104.0265168385683,122.02830045781236,75.05624040171344,1.4436869240821677,34.5884702589946,37.63682960703018,28.552203232338798,-3.86319777940182,20.539678781925087,-3.923746424152496,21.6227758950833,-10.441780736471744,14.90725656953153,-19.756935141822126,13.704481345331322,-28.61681863094898,13.906999359610833,4.0657911747694016,10.430902650356305,-11.967825197158977,9.987559120341539,6.547973798944595,6.598451917782261,-4.345485927259668,6.460590460982123,1319.5607497316462,984.341570009654,1248.4584659071595,522.1486654616502,2422.2074468085107,1700.9943740274791,0.009845279198998469,0.02074912680436974,0.10887632978723404,0.09114889681539949,0.12579948269635777,0.08963876846217468,102.04346854542828,14.004052343932608,81.80811978458962,129.6550352591355,99.04999907667136,0.7978723404255319,3.0
DF_E_2000451,spoof,lab5/data/sample_audio/DF_E_2000451.flac,-220.7517902568235,121.29570618728883,121.66338186748958,53.97010777443755,-31.164867416781895,32.59942155866425,42.39342333906788,29.62747717324426,-12.306058806888128,17.332727270024854,3.5277753568301766,11.074849394736255,-10.52245233574156,15.105015140830936,-11.132702033145954,14.593082014912746,-1.6521448573823703,10.352307211957969,-5.727196413581654,11.596949625680805,-2.007931825468096,7.918235586534882,-6.728805532899954,7.978685898123876,-3.312685526276039,5.746206815431083,1358.942319651647,627.1208229243555,1352.7305059278256,399.90488566920845,2721.001059322034,1143.0540029182048,0.01955713142468979,0.032517182067649864,0.09734176377118645,0.07688702776160605,0.10715489274865585,0.0667045598713251,126.917500887004,11.43896227644732,108.18617307617478,145.96630823405965,129.08266245957813,0.7966101694915254,1.856
DF_E_2000459,spoof,lab5/data/sample_audio/DF_E_2000459.flac,-268.5135790506999,123.62099713863182,92.03014381442752,49.24796598268912,-6.319858641851516,43.158298928671094,24.82362708023616,38.106145535079975,-11.094786953358422,30.269604433332436,-1.7782240708669026,16.2428686203123,-30.333276320071448,20.660342987518227,-13.543177696920576,13.999543726582113,-16.95300050363654,13.893722831593804,-3.8174101642909504,12.847020722756556,-19.596346148422786,11.112544081526577,-7.041511002750624,7.197071658264951,-6.934536671354657,5.291541310682633,1094.8498682623804,595.2405241161864,1225.4124065775463,458.892180623345,2055.9895833333335,1342.2642376419976,0.0058208814386714065,0.02155670282908533,0.08744884672619048,0.06927514664978239,0.14035958254472852,0.07860381574758273,232.6250640778565,46.02244715087598,168.3861370171255,307.343109863209,224.95881421368077,0.7857142857142857,1.33
DF_E_2000464,spoof,lab5/data/sample_audio/DF_E_2000464.flac,-365.49109787636615,208.11702046222254,83.71944060224168,55.544237900229504,5.934988456837674,29.213339718159368,24.084310675555088,24.0235118987874,-0.9174522224892961,22.291149120218915,10.8642125738428,8.802547166658035,-6.689636582706837,17.58561635022596,-2.712060620493077,11.105266719887242,5.471821060364551,9.62454887182206,2.21888283148725,11.434713538937059,4.4365811192608895,6.934809167571617,0.576806875857267,4.7544618776294385,2.4781858682473925,6.071010812050725,1502.8964100470948,548.7496396947939,1747.5409764196415,515.5808039030412,3453.9561170212764,1499.4438571418943,0.013209084474046322,0.02371288024852533,0.07512778424202128,0.061066132476319666,0.06873922671675632,0.08778605933026831,98.99085421547913,16.354798350333134,80.03895121543609,163.83922597333066,94.0850205075378,0.7553191489361702,3.0
DF_E_2000503,bonafide,lab5/data/sample_audio/DF_E_2000503.flac,-212.38440497378085,125.79111210886767,77.9490265491161,65.9418662916629,-10.441645581354486,36.581815470466516,38.377450230273794,28.841510292372316,5.320398590666183,19.026737454006827,-7.49581907087184,14.243777616944268,-17.658682739481012,13.525564833809062,-16.807454141847632,18.24078394506273,3.375912324545231,8.383495338914422,-6.730458839459622,11.308703563624189,-9.642089039721387,9.102526584448544,-1.4678645441506772,6.817735396309255,-10.642597809116891,7.637670025078482,2134.185117364802,1138.8828137279445,1718.4589984595616,503.56711718985395,4067.0711436170213,1730.6997436805782,0.08795817622895095,0.11019258933825618,0.1793498587101064,0.1409124592989522,0.09365760456916797,0.07917256266708746,118.74249140142892,43.756725624325775,67.30707347978924,296.326814920956,104.7026177251442,0.7978723404255319,3.0
DF_E_2000508,bonafide,lab5/data/sample_audio/DF_E_2000508.flac,-350.8362448672031,160.85008691083368,105.8661972360408,79.07685202708858,-0.10961251721737232,37.236622999611896,13.885895116611364,26.016899209497833,-1.0254297966652728,21.36047495033579,-6.744279210237747,17.1541966466533,-9.911783089029027,14.824343785164334,-16.53963944664661,17.424850009047006,-12.415506613856934,13.404174137161204,-1.9622958594972784,12.11926236115386,-7.530645464487533,10.895427007541866,-11.202436115830503,12.310356497258715,-2.5545339986998985,7.418433179378491,1675.4137490330502,1152.9323107184907,1567.5228371063492,744.2709607303639,3313.1648936170213,2247.8012732409493,0.06254210841371845,0.10162334134474638,0.09851853390957446,0.06121915523167579,0.05885854215476355,0.059860734512056764,120.3865977450544,67.08526507000113,81.28123953345998,394.1650301142578,102.91003714185398,0.7872340425531915,3.0
DF_E_2000531,bonafide,lab5/data/sample_audio/DF_E_2000531.flac,-208.148676998644,104.84511047304663,81.18767832560711,51.46837763716588,-5.9586217123341845,31.52890137308629,23.535260145204614,28.326237706933348,-9.905314768653318,23.80481876378817,-2.19621856061809,14.832392895207091,-15.953054648925024,17.185743334140035,-8.229135199483618,12.302083617054722,-11.676398624856787,12.709557051448671,-11.520230549286646,12.59144520514132,-5.989591440522527,10.244101705550037,-11.21627135520958,12.916789267555506,1.716746228825615,10.526910163230765,1605.7624808104968,873.5068603698377,1653.0468747518032,560.6491307823039,3417.3569277108436,1784.5397881552644,0.028608018482669015,0.05268150277789601,0.11877588478915663,0.10807508017949483,0.1738478954041977,0.12881949091330036,183.00060922650897,45.76570183952116,66.33018478330374,284.00765237395757,194.0919657659786,0.7951807228915663,2.624
DF_E_2000676,bonafide,lab5/data/sample_audio/DF_E_2000676.flac,-179.14350781542188,111.19085294947497,93.9926545975056,86.5701085740945,3.659744066126803,41.98059212637687,30.201047061605657,32.14222255980106,17.280903790225373,19.257714987703967,-4.776344667089746,15.867324587152257,-3.338878908055894,16.75307406961303,-1.7917433422296605,12.674167754194821,-1.6677931984688372,12.651367489855364,-14.624356223547712,13.599773111301579,-12.995478029580827,10.70175489969228,-13.365750524591892,11.329397817634458,-3.0818763048724924,8.597483202988233,1901.7092459459388,1490.5475929391293,1549.2445890071326,580.3211909428484,3447.473404255319,2161.609285559027,0.02369880779712943,0.04297140536131004,0.1583537649601064,0.1687713884035725,0.13248173169422636,0.054205786817133325,107.0531785099581,32.68043697591555,73.79845878266525,370.97226926711215,102.60019974733281,0.7978723404255319,3.0
DF_E_2001149,bonafide,lab5/data/sample_audio/DF_E_2001149.flac,-304.5511205145653,163.8472399272401,69.9354847466692,61.11384211368106,8.34785668773854,32.44503303269689,27.062166529767058,23.07598090282554,8.154288811252473,16.572405324733275,11.682197298141237,13.340696368639126,-13.195326181168252,17.638763553845816,-7.11149467559571,13.839145292790445,1.4217576352839774,10.9696990526327,1.7746520327760817,11.44747749324011,-2.8145290644879037,8.890983872179836,3.3272180928194777,7.203236831483699,2.5218471304533328,5.860025178708722,1870.959946587441,1029.0583736653355,1734.0659049222268,451.8379723666756,3650.847739361702,1645.9738299204885,0.03753411608466466,0.056352806404411995,0.1282777177526596,0.1055776005168538,0.07111344565736487,0.08508699304247197,112.21716776950684,37.457089302462336,68.60729022872883,305.0794196583126,105.98179512149191,0.7978723404255319,3.0
DF_E_2001163,bonafide,lab5/data/sample_audio/DF_E_2001163.flac,-317.09026862205343,161.61969692425842,64.9553588539996,44.448525252291745,-16.801794503597502,43.73922605500145,22.38007740771517,16.542532531148087,4.483312069101537,14.425305551050885,-8.604663429266594,14.578977593622048,-14.543497084937197,19.038961945587502,-14.246357966927771,15.704497161984762,0.4247610733864155,7.969469438668622,-10.764802068947478,10.143390290579696,-4.755503826635949,9.180413587759872,-8.186210272477028,11.838624980730057,-1.092547192535502,5.9806468792263505,1892.0142560420352,670.2438659057153,1804.3709862971093,524.0370221271974,3888.0485372340427,1475.3035854454656,0.03793375687243323,0.04579912794741337,0.1371031416223404,0.08159713114205747,0.06754228227680173,0.07678340997037213,189.86695339304168,68.03192785841439,75.91745634636622,373.8071757141847,211.6406763581243,0.7978723404255319,3.0
DF_E_2001230,bonafide,lab5/data/sample_audio/DF_E_2001230.flac,-313.7451188919392,151.80676153263147,80.6227214272986,44.10669501374523,-3.8887061673275967,30.246287544875372,23.064218705638925,29.53123102147357,-1.2393215593505413,19.115351535674513,-5.561850492624527,11.312624078553533,-6.879082437208358,11.765950805528368,-14.328491657972336,15.540375294387655,-2.116506328291081,13.731639073253774,-9.116411065643138,14.169415468326624,-8.335075502382947,9.412576641604618,-1.691769374811903,8.102353781514386,-12.077092889141529,9.079805136484781,1931.9794384586774,905.1499530798072,1803.4776579748705,434.55641658226165,3849.567819148936,1520.3353133377123,0.06302634469110227,0.07720770178740557,0.15516435339095744,0.09462709631925652,0.057249944273474074,0.0652659613380914,129.23177353586254,34.12248056627287,66.89992307610791,231.97985974817485,124.60674948254267,0.7978723404255319,3.0
DF_E_2001695,bonafide,lab5/data/sample_audio/DF_E_2001695.flac,-264.48131294250487,135.49181753357726,97.71332041025161,69.43357573869226,4.087839132547378,37.807589833744196,40.72363024353981,25.014276891204275,10.534473577700556,15.884739967092274,0.8314448922872544,21.794001400077402,-5.609642592072487,14.817043821865985,-8.440217597782611,18.00184278018307,-16.158558585494756,16.31116595926838,0.2284814238548279,11.770510769865425,-9.383798124454916,12.809935539450302,2.2076298400759695,8.53613670790798,-1.4990366205573082,8.636990660968808,1645.1619579582798,1079.5338185364799,1485.699069384876,521.3962965707923,3156.640625,1702.0714649298707,0.023525547700410245,0.037732688420532415,0.114215087890625,0.10285384607007539,0.10443759534537093,0.09058440255709023,123.52212293979846,72.03713457439757,82.85524372431274,377.4518338377614,102.72583930227401,0.8,2.552
DF_E_2001832,bonafide,lab5/data/sample_audio/DF_E_2001832.flac,-180.46378772289722,63.65502282549628,66.3423202904788,64.59048964400031,-15.4038777006911,31.855674796792357,14.978533485880146,26.456210627408577,-32.85972364846762,20.58169078395843,0.18964206088672986,14.844547038612024,-23.458300500721126,13.398233404926266,-9.377173168318611,15.789370545589481,-19.256162552090434,13.73220793414035,-18.282822231967728,10.693954417596986,-11.922407934417972,9.418833208379521,3.446987425352072,11.53685359233816,-14.259075306839756,7.951908536069273,2200.5464055620023,1336.3627993796424,1617.6544448239656,448.9911223944972,3903.814935064935,1939.1232120517805,0.03986991607787597,0.058731245306287344,0.2086799918831169,0.15139111975496564,0.10252756567357423,0.05236191235205187,201.9082567650827,21.680145409173832,94.66847036135633,240.66792464404307,200.97795976187558,0.7922077922077922,2.448125
DF_E_2002152,bonafide,lab5/data/sample_audio/DF_E_2002152.flac,-206.46288161582135,120.7407852262011,102.01251608260135,61.13949266207826,-20.684526560154367,40.322498390716724,54.505016884905224,37.02214141166688,-16.932072214623716,17.816859553751634,-9.449187820262097,15.547770840747477,-13.013909516182352,14.770878008873932,-17.508860122016134,14.988666826092864,-6.694776410752154,11.861607471480106,-15.629028408451283,11.00498064086662,-10.945600144406582,8.72332381898834,-9.886247976346219,7.9943467757846,-7.243876285375433,6.253493327669594,1484.9691820636524,854.7067063478443,1401.4477851483489,434.19625497537254,2963.43085106383,1295.205790187482,0.027430301270524458,0.05327092473260363,0.098876953125,0.10585699025574012,0.1349117718376913,0.08518084779104214,124.28706876622047,29.9494509785428,69.79051662613027,313.43400384551006,122.05174741383789,0.7978723404255319,3.0
DF_E_2002202,bonafide,lab5/data/sample_audio/DF_E_2002202.flac,-293.62081426054567,174.48476544290236,77.19654557469127,44.77752189016897,0.7569909934159164,37.01980578830785,21.078254584755218,24.47786379287608,-8.085214465529054,24.092943729679604,-5.183846395585563,16.986253166153894,-10.857162506698252,17.740232836217558,-13.145289194452893,15.773468667863733,-11.532087964016002,15.031082993262874,-12.852344461194761,13.559578423120284,-2.860826527761234,9.490872477071674,-5.800358174593894,10.958709730722584,-2.6265171754818697,8.387896553146396,1684.4479077601352,743.9949751599675,1783.6996966803065,501.7840965602801,3687.8434065934066,1431.9733666877173,0.025546903101213093,0.04339581504936676,0.10575849931318682,0.07754742346259043,0.09036447127876741,0.09672994945062545,158.80480775688213,45.99976464009581,83.04227802736945,254.39781800420369,174.41526344136872,0.7912087912087912,2.88
DF_E_2002307,bonafide,lab5/data/sample_audio/DF_E_2002307.flac,-225.8631929108437,172.163760449783,71.6995428242582,68.24674461901402,21.103432753301682,35.02301784013388,20.169159009735633,28.996625582762736,9.737436030773406,16.78599532893355,3.2965497260398053,19.513589727012643,-0.15272964632257502,18.998292581766172,2.0368713611300957,11.529256046800322,-7.227363105149979,15.140239673497423,10.825490369203877,13.379266000655091,-8.460031302209865,11.0787128836422,7.127225940452611,13.606949391526914,0.01067675158698508,10.024194158424198,1987.2628787017736,1510.3044398039845,1716.8589569545636,458.6672310999424,3628.158244680851,2012.122348079791,0.01962247934801432,0.029109523055234454,0.1418197307180851,0.1727428788130772,0.11943967187370946,0.09177664816566719,100.42492978726682,47.442387427747875,65.78151105032819,347.73902989902837,83.86661636906663,0.7446808510638298,3.0
DF_E_2002420,bonafide,lab5/data/sample_audio/DF_E_2002420.flac,-277.3026342980656,154.36438725226253,68.37081877390544,43.46758747322665,-34.550640401648884,47.563828572524116,26.933156223944675,27.595069942263592,-12.693844461882556,25.11951492100627,1.7966863176336996,12.658708328186615,-21.447459410002203,20.620312860982594,-14.606582923435871,14.946381249312562,-12.743772550681491,18.46508385967438,-7.372193823993942,10.938725350494014,-11.989187309219513,12.757985353572039,-8.550421824885738,12.084159051337554,-7.982351553844817,7.975700600237222,1654.2160770915093,513.5639001928721,1560.6129677649476,454.2264918791226,3341.5316358024693,1206.370653792977,0.019400909436682677,0.02815244101999976,0.10194227430555555,0.056108006138603006,0.11264039889009624,0.10689014025433584,195.78831189353053,43.05067914443108,97.91232860074196,253.49703721562096,197.50452621202817,0.7901234567901234,2.56425
DF_E_2002526,bonafide,lab5/data/sample_audio/DF_E_2002526.flac,-315.6338131681402,166.9595902127189,82.80630126405269,64.31908599314603,-0.7434334542523039,32.77590574243877,13.870917590057596,25.593497785033833,-6.733180448016587,25.13827339836114,4.659618399720243,17.244372818575556,-8.442914754152298,16.833559235327133,-16.712266279344863,19.077869164003033,-1.606915257395582,9.494430882840602,-2.887156496815225,14.707620209107326,-7.509054842147421,10.197918942642465,4.457672603903933,8.221722230234748,-3.271409158376937,13.720935299418146,1835.472272165909,1012.7290584283443,1679.79191491724,502.3930806515893,3611.6190159574467,1657.5027183413422,0.041155950162105236,0.06573545323328057,0.10814390791223404,0.0660696934203272,0.058275959857905464,0.07203986503744828,122.80589575972095,56.21923455235279,69.87866724728686,348.20685965227324,101.4406481218082,0.7978723404255319,3.0
DF_E_2002672,bonafide,lab5/data/sample_audio/DF_E_2002672.flac,-264.0286517673069,167.06412362857284,91.56707091558548,57.78562406783012,-2.157433108204887,39.72901675397669,29.529240252479674,20.12364892412925,-7.749436473089551,22.866771781638143,-1.2623177911081012,14.843598399378317,-14.426189169051154,18.59616348621949,-6.6131986488425545,15.30056332259219,-15.691581275728014,20.12976922659116,-9.140549837833358,14.155597396150457,-1.41385580339129,9.12109385433589,-0.9586736044240376,9.732719199688606,-8.113132481300642,9.570911523454125,1204.3146761726352,941.1321468529675,1307.816830761294,450.5811714521667,2290.6746031746034,1677.9023706244247,0.007674509905463931,0.01868888442479701,0.09058779761904762,0.08499820552141209,0.1205165975778881,0.10070601798825952,155.35868871016893,50.50744646134585,70.19733835075785,267.0048142958654,177.99538143529935,0.7936507936507936,1.984
DF_E_2002753,bonafide,lab5/data/sample_audio/DF_E_2002753.flac,-187.83146884593558,103.67048259273713,64.97821971203419,70.5083484890152,-10.898411068986071,35.95310994070519,40.79743506109461,37.851792365705485,-12.758676958210925,19.369302910606343,-9.525187553481219,18.251290286709406,-26.9422502454291,18.787488478033243,-12.276616650058868,14.919368422582522,-18.41743414579554,16.901342325189933,-3.1588514767428664,19.343567944019664,-13.670091916906072,11.407558667709601,-0.21356629722930015,12.071347638052115,-14.171448069842572,12.500825644033723,2091.756692971502,1276.3115389174025,1501.7943908002976,375.7133628706164,3618.184840425532,1756.0449276641457,0.01925266028782526,0.026873543863495743,0.19086082945478725,0.15826534804347123,0.1284976938914042,0.088570816664288,153.4134791859365,28.7974344352054,82.94437236808682,215.40312163904392,151.768526598315,0.7978723404255319,3.0
DF_E_2002772,bonafide,lab5/data/sample_audio/DF_E_2002772.flac,-338.42390528431645,174.91405537488205,68.68736187028296,34.43940902191314,-12.325773577815221,37.365562446393895,24.815618328106257,27.85838447066436,-19.200644903712803,34.8444114287618,2.04480168370553,12.897254933255086,-11.27163444036319,21.313710498614608,-7.434734319463188,13.893183942096995,-11.857817034662506,15.258283269291766,-7.8893564115335915,8.660290536227453,-0.8914470815180261,10.866670167945603,-4.536767682727472,8.466383668279551,-4.673145625326368,7.928397331564372,1418.5334029689202,664.9760229574096,1501.3870491656294,367.53262529023203,2799.8649691358023,1429.8930715040412,0.01088233709485652,0.025534029226998305,0.10258728780864197,0.08803085564157814,0.07254694483780452,0.08481104540868196,212.81141956420615,66.35389903169953,88.87864912867913,293.7114924854784,244.86986412075805,0.7901234567901234,2.56
DF_E_2002884,bonafide,lab5/data/sample_audio/DF_E_2002884.flac,-367.55756052504194,197.80775284309476,74.31875503697295,50.97720467477153,-1.2596479223129597,33.99311105991725,19.44134510514584,12.95189288106618,0.16725602555782237,18.304675130745512,2.882481615594093,11.407795147933653,2.1322926948679255,8.729181373501428,-7.106727819810522,19.379464514740494,0.43271117895207506,13.998171668963145,-6.338453878747656,11.869776587205155,-1.0057071152519672,7.147033888908766,-8.02654498625309,10.995764101391702,-5.674005037133998,6.2650574285403975,1698.227467250445,711.8042358736724,1826.7703133959933,495.95721948717437,3755.4853723404253,1553.2350103228682,0.04763442646226588,0.08703001798046059,0.0947785073138298,0.09243996673432961,0.06466668269639102,0.08622087035168385,108.69783205214361,20.689589519019798,70.07187486344736,194.58896338910523,106.15789629089545,0.7978723404255319,3.0
DF_E_2002979,bonafide,lab5/data/sample_audio/DF_E_2002979.flac,-219.3076394263734,117.04346810930541,122.2928779252032,65.28629594881596,-13.059742704350898,36.792161367833124,47.53328597165169,29.03489511685069,-27.399212352772977,30.825434913149145,11.6485038742106,15.42932847804262,-11.81680776400769,16.82790699546096,-13.109271204852043,17.42789415337051,-6.718171115647605,14.156101312804108,-10.899831906278083,14.345065409939535,-10.448122424885948,10.129834669946517,-4.971271918650637,9.034491255062035,-7.918180974715567,7.02029794983607,1277.174296220166,965.7430277501559,1182.2438430291802,358.62853892045246,2303.7732712765956,1452.6811587948987,0.009029786726919252,0.01900018111697344,0.10365587599734043,0.1252242090865721,0.13087813722643446,0.07969513042905876,118.02495777584394,10.421827201623252,71.03033443671103,145.72075481640036,118.17290579215431,0.7978723404255319,3.0
DF_E_2003008,bonafide,lab5/data/sample_audio/DF_E_2003008.flac,-299.9635317133761,171.93951724451327,61.51803197805909,56.63679655373716,-19.565962855843292,54.84481401438279,4.080912794532447,21.92379536900708,-16.145138813161303,32.48648099238469,3.153477783518276,17.30293363008704,-10.151341376976035,17.27816262920064,-5.244867164855716,13.641133319098302,0.3781491310774595,7.955002296327098,-7.347452246594703,8.39612035266162,-7.943630574078395,8.386592730845646,-3.2263720398661735,9.81399859588713,-4.363116503789507,7.592993115299776,2332.432142057351,1454.245767985675,1714.7841614558624,523.408855992677,4228.448275862069,1737.4714957040994,0.04483714015169562,0.06894645213149769,0.1872137661637931,0.1789672164341252,0.06788335863872827,0.07704853554035812,179.90453133314878,63.77925387970591,74.75616914558759,372.33936299829384,198.27176239194858,0.7931034482758621,2.76
DF_E_2003021,bonafide,lab5/data/sample_audio/DF_E_2003021.flac,-370.85444811557204,207.47740660083204,56.904811093147764,38.928530464519525,-18.22759304655359,51.462380183842356,21.069055964020972,20.453299429162644,-5.056369423866272,23.917397372980663,-1.8768889168475538,13.661649620205578,-5.591342887979873,14.791315430664188,-3.397253788690618,9.976780403571093,-3.622785894794667,11.09332678570267,-13.278863501675586,13.316275735169217,-4.041139385009066,7.506453457528429,-8.984227485241409,10.708911087216327,-1.8065584175922769,5.605824891847649,2034.8326894516563,700.5280987801884,1886.1599518323192,528.2202612407287,4305.934175531915,1333.608489558109,0.03961959323072385,0.049971230000606104,0.13020487034574468,0.10866099195100622,0.04563826605017505,0.06119474788419659,163.3706459452048,57.37196478393244,78.32658416902336,305.34610594118243,182.127254459507,0.7978723404255319,3.0
DF_E_2003082,bonafide,lab5/data/sample_audio/DF_E_2003082.flac,-445.5983924054085,134.10745825162866,66.22117631993395,44.86512074965919,-3.5071487959395062,29.629556604502792,12.461423553367878,22.033439946158197,8.08578833779122,14.820359932198228,-1.657266303738381,9.458575456530722,-11.91961013192826,10.748790353369325,-8.660678957371001,11.002654731601108,-0.11636082257362122,10.323652289924665,1.7023377480342032,8.722021031855345,-8.672047430530508,8.164127863013613,-6.521983032213881,6.406530407463941,-2.007421685343093,6.701343244850102,1511.2297767145233,896.2478710386766,1369.0260292263506,381.84052807723924,2746.592420212766,1423.0141596909396,0.01342190613766124,0.029839542088270096,0.12074571974734043,0.1014945150073319,0.02719417487567122,0.07082118315115271,129.9358392222113,68.9834624073927,66.33022827639995,348.31087368243686,108.31404197038749,0.7978723404255319,3.0
DF_E_2003108,bonafide,lab5/data/sample_audio/DF_E_2003108.flac,-156.41236954230766,75.23482172418265,93.71612431167009,59.75365796319529,1.9802561909347385,34.33129176319852,25.51623737424999,20.951212674096823,-31.141363611856065,26.319912272670376,5.2260610039358015,13.801462825587103,-10.902140203234437,15.762195016356067,-14.687884476277736,14.206040903697204,-11.554946732211423,9.248503381969789,-12.86935338184431,12.022967854472538,-7.452979901587808,9.692934795852802,-14.73349383550805,8.242511342033565,-2.3246436529345327,10.241321226527061,1802.6743655407142,1122.9561718621571,1547.9536797200124,390.0919534559422,3284.496753246753,1683.0436168269841,0.049469324241939616,0.08791611697505773,0.14793019480519481,0.12484683379233585,0.11647687375835784,0.06191932787406634,125.92757125293716,29.540522069372976,73.76254278035132,320.4400496428222,119.91103523134299,0.7922077922077922,2.4528125
DF_E_2003222,bonafide,lab5/data/sample_audio/DF_E_2003222.flac,-212.73415514317955,112.98454642743124,76.75830963181286,46.207246225755924,-18.57305044190186,37.3488650205553,31.076013929960205,25.415910417885684,-10.382432930353211,20.312034083849852,-3.4464759594056664,11.389280649714225,-24.811570096306685,17.750160877249286,-14.695073526080062,15.086641486402739,-17.304297634741154,15.186246731515224,-12.61471504191073,17.072292010440542,-12.795034333700087,11.766894952172693,-5.79961811478545,13.992488736531218,-7.90704377177285,8.254635303737965,1870.1115893093183,935.3521836665091,1633.4898820298429,449.7141027690693,3737.328506097561,1549.179424308722,0.024704979497761174,0.030192395919383604,0.14378096417682926,0.09341822261971251,0.11796831496616417,0.10233388941650749,183.15385324923835,35.21928055246696,68.35553642280283,291.75547871151235,187.54094983848825,0.7926829268292683,2.5949375
DF_E_2003230,bonafide,lab5/data/sample_audio/DF_E_2003230.flac,-250.7260044179064,125.85313091473023,74.0107845296251,48.137414655006566,-4.206385410212456,26.93020520271322,12.06230110437312,28.299144128998098,-19.76099035777944,24.75522001016835,-11.267339273336086,18.99608243442723,-6.620441815954574,14.849313196934169,-15.86564951754631,16.94821837492615,-7.19018203717597,14.038300284474868,-24.538759486155307,16.823321836599447,1.2135502119013604,8.902266763025784,-9.283253541335146,11.824723849013207,-2.182896364797303,6.878842646124582,1719.959585884543,1069.7493975747898,1708.075663088867,396.9809228474621,3334.8570478723404,1739.9448735378544,0.039352564497753616,0.079785308886418,0.1287348321143617,0.12749510522626276,0.11572938716470046,0.09218509533944957,189.52362352531318,35.72754555031848,70.48480110073902,280.6997924805212,191.58303627416765,0.7978723404255319,3.0
DF_E_2003555,bonafide,lab5/data/sample_audio/DF_E_2003555.flac,-306.1172853023448,175.70543884366458,48.41954754768534,42.10224915645949,-3.7250521994651633,39.98639160738136,19.97651838368558,25.88082799691481,-19.621519498844098,30.948100479397002,-14.539352923631668,16.819368573250195,-13.704759419598478,18.62931320873728,-6.335292681734613,14.801243367251478,-11.047830048710741,16.58703894643181,-10.30573067243429,10.681199209834855,-7.693973864329622,10.440819718642134,-5.423236598676824,8.63262423532336,-7.244551657362187,6.7815307268283105,2210.744744294217,1018.5394543449812,1872.244281409362,468.05082372548736,4362.865691489362,1470.4340875789082,0.06146308874551633,0.07158338019970678,0.15578249667553193,0.1329181602218779,0.07758195318053773,0.08779807625636088,166.8539375648563,56.114876264533805,67.10450523062137,275.79041394552536,177.52314303869082,0.7872340425531915,3.0
DF_E_2003934,bonafide,lab5/data/sample_audio/DF_E_2003934.flac,-339.1688767002054,163.36690917476173,70.01234306701242,37.171552282990774,-14.045585790725603,35.92064308048008,9.126188749319887,20.568421903260877,-9.72747615020569,22.739257529078515,-0.45590319657978945,12.28949777029269,-10.718185806927616,19.10250664864195,-12.00895514431065,15.096039129425694,-4.694844227156614,12.102556389519764,-8.259153638392279,10.20166661067349,-2.4883288683956617,7.448042107534788,-4.234164947108047,10.383829827260193,-0.31447170531913027,5.970110341340697,1685.6148494759946,416.05292656251567,1785.945750371595,469.01402305642586,3677.4400684931506,1250.0872718437906,0.03132311799948196,0.04293360641177486,0.1075288955479452,0.06970749997755289,0.059472447620427284,0.07938343813323212,189.84525089471782,73.98693515026913,65.0770939662832,305.2808304952557,191.0037925117411,0.7945205479452054,2.304
DF_E_2004156,bonafide,lab5/data/sample_audio/DF_E_2004156.flac,-470.8897393409242,166.09745727628885,58.18624731834898,54.70352517827947,9.739542961120605,32.84572457805283,17.19504511102717,9.276558966334706,10.900878933515955,12.630766257341197,9.423133870388599,13.153315562320438,3.1932698069734777,12.922941912006655,-7.958271649923731,20.173872243228885,-1.0556369940651225,13.079027343413664,3.9880889872921275,7.986124771017833,-3.9266879707574844,11.914302949660053,2.1027001462718276,5.3549898905645845,-2.031885084319622,7.614460698392017,1020.7892314924954,540.6258879567522,1526.7624908120858,399.6788498691129,1839.2619680851064,1378.6343981924183,0.004308932848831087,0.013201265721631321,0.050386469414893616,0.05559545655747461,0.03600899724195652,0.0706105363678937,103.28334207416793,13.474398079893367,80.37044469601098,150.14791493692547,103.60793056264863,0.7872340425531915,3.0
DF_E_2004205,bonafide,lab5/data/sample_audio/DF_E_2004205.flac,-265.79215414980627,145.21522595126999,63.73580966572812,50.711709799858255,-6.281455831641846,35.83241146195119,7.852630161858619,29.54377807190944,-6.610214766669781,20.863874153158967,-1.9909812586104616,15.219237758796144,-11.162885702036796,17.528197885277734,-9.821119987584176,12.865258977570884,-8.019032279861735,13.74749729830304,-6.755109914756836,10.347873520640492,-5.325055673084361,10.94866117678409,-2.590277503145502,9.560060205329757,-0.8706129047464817,8.558249011649629,2118.930547996382,1352.528756966376,1776.9126168926787,510.59189112854284,3952.626329787234,2026.2603047579692,0.054440541007584504,0.08532706697949957,0.21142058676861702,0.19219909187838008,0.08974443702708355,0.08660894992985607,205.81715442437996,63.51506795033574,86.00223196799175,356.097225320941,210.16779234349485,0.7978723404255319,3.0
DF_E_2004207,bonafide,lab5/data/sample_audio/DF_E_2004207.flac,-282.5141761049311,174.0522997462337,76.20752117481638,51.53524940414037,-2.3119990331061344,39.767801524841936,29.728564434863152,26.414818327471373,-0.8420991024121325,17.459779015649183,-1.9394709188887413,15.549413808909803,-4.81074783205986,11.846373247473087,-23.18871356705402,22.582611259042793,-10.025746655908037,12.121760026453824,-17.923390047030246,17.621088721213553,-14.412916681550918,11.415769878490256,-5.868626006740205,8.064017316457313,-18.811679409539448,14.06939370700237,1807.392277247762,838.48530951362,1822.3617441655406,534.024230318572,3966.589095744681,1634.9101820330293,0.03314268167416733,0.04560007000046043,0.11502140126329788,0.08386964230141633,0.10009343987838563,0.08916320678955648,127.97606609692302,25.958764844744127,72.41993903800066,224.42108018287837,128.07050583289174,0.7978723404255319,3.0
DF_E_2004215,bonafide,lab5/data/sample_audio/DF_E_2004215.flac,-185.71345597125114,91.1276138787059,79.05011662396979,61.509129770204225,-21.34697765048514,36.64826264379965,34.087382865712996,31.068804678986844,-11.37055039152186,14.027973592955076,-15.293534882525181,17.502739449805357,-31.616078239806154,16.523726349670824,-22.74213038162982,17.376479788094528,-18.72375096190483,11.860307690601823,-4.504912075844217,16.441076642030307,-20.81345094074594,13.42320300722065,-2.137978752242758,12.889716719614684,-12.642715468051586,11.58460823158422,1878.9449201161704,1143.5819881697817,1455.8118465716252,420.0032894670188,3343.999335106383,1662.148445685054,0.02145535313399918,0.03591195905312977,0.16691427027925532,0.144847929689917,0.1211559136294106,0.07710711284513098,142.45288437193435,34.023329694325,67.10588532226963,249.14907230906653,149.20253925765022,0.7978723404255319,3.0
DF_E_2004476,bonafide,lab5/data/sample_audio/DF_E_2004476.flac,-139.6570691426595,50.56708493097181,92.5694023874071,55.23843848090615,-28.919905944665274,41.492084471625624,18.242957401275635,26.009593979666622,-24.213519363933138,27.17551086751566,-27.002400827407836,18.554934537150903,-14.464980537030431,13.64087240335355,-20.867318807707893,16.68801830445386,-11.701249700122409,18.682976486462152,-22.92277805540297,12.38359600112251,-4.0489127000172935,10.108559541829983,-9.39801024330987,12.161856880383644,-8.847765205966102,8.967757967652956,1574.1693305461458,757.9362331438483,1463.1888882312696,480.307150903736,3005.2083333333335,1562.964340726283,0.021092125968102157,0.05255649219937208,0.10993923611111112,0.06480341957475744,0.1889343845968445,0.08785222825024186,197.54430757496752,37.879483978704805,89.74573167648751,250.39689046250007,193.7243795492666,0.8,1.434125
DF_E_2004487,bonafide,lab5/data/sample_audio/DF_E_2004487.flac,-241.08117427825928,153.33586195783136,109.3839189171791,93.56780605453174,-21.360439406335352,64.2222298480758,10.730067259073257,40.096412396392076,-1.1303513422608376,23.834482134786704,-14.056290458142758,27.229419941009212,-6.99285441339016,16.11134063175413,-20.350497698783876,18.734020923379596,-22.462589022517204,14.531190851802316,-12.009979549050332,14.33778990005098,-6.108869904279709,7.451770872656987,-9.330396284162997,8.548328882401295,-9.92659525051713,11.405094951168607,1921.7238440308006,1460.5739424000853,1347.5149076241462,611.6838012221464,3200.5859375,2123.5169654781052,0.032837467054832814,0.05990770162086661,0.1488525390625,0.14118310804489065,0.11446615326967731,0.07988033203755177,127.05402299497514,43.5402830041904,93.76549004072122,285.90963675395005,116.12405274903487,0.8,1.250125
DF_E_2004766,bonafide,lab5/data/sample_audio/DF_E_2004766.flac,-354.39128845039454,159.3151938371808,61.613119799515296,58.32947786003851,13.424202222933715,24.647592427214825,19.926712431784335,20.20484659753547,-4.754517986514102,21.983458219448824,2.022820949211888,12.947797633996416,-2.1389123336679634,14.138754731489175,-4.71649028035416,16.381918618855977,-7.253960975285234,14.655282145012603,-6.5809375001438735,12.465596360850057,-7.588830767349265,12.299011182158408,-4.629540957767388,9.198927169121603,-1.6054048130567047,6.424265912927504,1725.3927551622826,869.6441820289574,1807.537470339837,428.7457492546077,3634.069683908046,1422.9915574449983,0.03536733083865851,0.057707722352976824,0.09406429597701149,0.09226631192026025,0.05069795800252529,0.07004777503807917,115.05998343945438,23.4162268491587,83.9615462843667,188.25021658939605,113.12984494828277,0.7931034482758621,2.752
DF_E_2004935,bonafide,lab5/data/sample_audio/DF_E_2004935.flac,-317.334501794044,148.27716384393045,83.1747784869785,42.306482330038705,-9.21734165891688,30.764467881884734,25.178113267935338,28.803323520804376,-6.867511546358149,18.929950543235705,-3.4036525443513344,11.362087516228618,-12.499044244276716,13.416296544734303,-12.566398327496458,16.04045551438812,-7.724193775748953,14.927973097180692,-6.797513233537369,15.216917939690148,-13.6620868266897,11.178383021491445,0.328319713156274,8.901791801320533,-17.61564691348913,11.679186666751416,1832.3447070440386,850.7029350887916,1696.6582657780325,394.8153004874961,3657.3304521276596,1409.9116598563653,0.03241969612312498,0.0355321711157902,0.14996467752659576,0.09327502312628995,0.05805333456869158,0.06617233494172184,131.35987026567315,38.361379871525955,66.92544481440922,275.35289108784156,124.78261639301253,0.7978723404255319,3.0
DF_E_2005024,bonafide,lab5/data/sample_audio/DF_E_2005024.flac,-219.79678493864992,135.04532690208535,80.00833267353951,60.84530584577018,-18.753185919624695,53.55403159854962,-0.8750465486912017,29.11709016913962,-12.296349851691977,23.352708859261625,-16.645003781039666,16.86266329132712,-20.268772510772056,15.297213738910617,-15.977770841502128,13.523757847131678,-15.552571642906107,11.906232408678255,-3.9187618455988296,11.386187557524858,-16.152022829715243,11.217176513068784,-15.11613835045632,9.305522517257891,-21.902322414073538,12.909720449438048,1806.555753807389,1198.9521244175905,1571.526131042067,605.9613670265675,3268.11835106383,2089.9430040701213,0.025375670486337574,0.0441493319748142,0.13873940325797873,0.13556584552518966,0.11589068205106974,0.0681150327754671,205.64496336710693,37.557415640820594,112.85453892235009,289.88430509365475,195.43033475015005,0.7978723404255319,3.0
DF_E_2005033,bonafide,lab5/data/sample_audio/DF_E_2005033.flac,-165.3520609203138,72.00628197399901,98.96430830579055,47.84435987207769,-29.413786783553007,38.696478885975374,5.913445715841494,29.519490674746447,-15.732416727040944,19.139902168374388,-8.343476437685782,10.397989010087908,-19.415491603968437,14.184823378215375,-35.76166904181765,17.057377692530473,-6.816284924222712,15.369627066797005,-9.23815269428387,10.981176502209461,-8.104012949947725,15.884304810712628,-11.92378060441268,14.156880401518869,-0.1478728884667681,7.7130582384092365,1544.3624272828808,985.9680215267449,1414.8675697005317,482.0108210811314,2712.8563596491226,1730.7423287401848,0.017271741427529172,0.041183182496731724,0.13041392543859648,0.11447550787617025,0.15612039597410904,0.0746378155176406,209.51898072786267,32.351437245466656,158.87154335044397,271.55375955502706,206.3278812744138,0.7894736842105263,1.80925
DF_E_2005095,bonafide,lab5/data/sample_audio/DF_E_2005095.flac,-215.26269385155211,96.00449725596201,109.68354580123373,64.38302270851709,6.753644542491182,36.337310005202745,24.89116929059333,24.442498016953895,-1.407597636288785,22.124461825986778,7.262180214866679,20.01619421694254,-5.803794355151501,16.950277945523414,-8.848148017170582,15.895367824485353,-21.520890870626936,15.094588375811222,7.461251596821115,11.793222793654541,-15.047359903759144,11.616069375244708,2.901192402586024,10.348820395637842,-10.704756308109202,10.097367459128728,1364.1630708786413,1069.6325824709968,1350.1339422745773,390.1972024157567,2349.3184840425533,1692.1926042404784,0.007575949048414452,0.015590975172120679,0.10205078125,0.10547735902056067,0.11097555927327893,0.07724164590830938,119.47884296985272,47.643494403676854,65.09328786770446,380.9176754829975,106.61066198452126,0.7553191489361702,3.0
DF_E_2005193,bonafide,lab5/data/sample_audio/DF_E_2005193.flac,-213.46681221495282,103.80214994417905,142.2747048621482,52.675637373226564,-21.003318951485006,32.68214376353262,16.009839026217765,33.81993814328696,-19.21465521543584,30.76356080834884,-16.968361146906588,20.401833887566475,0.7472584628044291,16.02728720224299,-5.696014777142951,13.465255737859804,-16.38332551337303,11.712590085775302,-4.601565697091691,13.11159759341016,4.470433059366459,8.51464697151367,-8.613775605375462,9.47813960023572,-13.906345602996806,7.888953575481736,1066.0304940401395,473.10617893817965,1135.4434623566415,436.7428873970731,1954.2054521276596,1140.8057826941092,0.0054279009261355236,0.01816214895065253,0.08285717253989362,0.04746668456757122,0.1390839225471396,0.08787683564285988,110.67851245874483,25.9742763747708,94.48534873666475,312.4273266941491,104.92882071712812,0.7978723404255319,3.0
DF_E_2005245,bonafide,lab5/data/sample_audio/DF_E_2005245.flac,-355.539519145571,191.86013911799625,80.93191018597832,37.740622849694255,-22.634913932317975,64.50901126564881,28.59104479592422,22.89165079705805,-13.534211647921595,30.919690329387922,-0.26399109846559066,13.153820984166941,-5.914917561514624,17.83908086276057,-12.561701993575726,19.89646616846075,0.02547819484239337,16.645636775832823,-7.52609093093324,12.027714110001057,-5.292487705233453,11.535899471594572,-5.806427428777191,8.433444532988561,-4.4692605863186134,10.560045448150305,1757.5403479813797,379.1744648640983,1769.6004656260216,582.3682525287611,3899.1558908045977,1275.8664362867128,0.015646926033790302,0.023226024427266453,0.10650704920977011,0.05696385934503776,0.062467452645135896,0.07058280570698386,186.95279749530104,79.56378858435768,78.1808085182092,336.43980510014336,217.0816515634299,0.7931034482758621,2.752
DF_E_2005412,bonafide,lab5/data/sample_audio/DF_E_2005412.flac,-277.32926981499855,118.20033643880366,63.02442787555938,49.802467295196394,-3.2419144054676625,29.175450966707274,22.475996539947836,33.683692795798585,-17.727615884326873,29.16947223587333,-4.94483416384839,18.516070071310665,-16.94256586724139,15.064082406396187,-17.485776427499157,17.126078008861427,-8.31732058715313,13.24988258628237,-13.179230350604717,12.761783119298906,-5.97243458191131,9.469368600919003,-5.330647880726672,11.759948602596431,-6.283300064028578,7.383850567833141,1858.7822288067991,963.3619202008366,1663.939712121271,498.0271031399304,3622.589760638298,1647.6341642060754,0.045033881925422625,0.07428096597619295,0.14721160239361702,0.11024156727863342,0.08262314316829013,0.07574637537123532,192.94011715695896,49.09124239532882,74.52800667804325,258.83002414467416,208.6181328627596,0.7978723404255319,3.0
DF_E_2005547,bonafide,lab5/data/sample_audio/DF_E_2005547.flac,-284.8049886531018,170.93276400624856,71.28232975209013,48.561689008444596,-17.056810160900685,42.05570189837398,3.775491807054966,21.49281809207416,-12.834795369746837,25.067751353926877,-0.5661746485436217,14.10109658582134,-7.4319070498359965,16.475895712289937,-10.018792877171903,15.452258486441067,-7.1937910578352335,10.180141420929466,-15.123219154933667,12.049697253394367,-5.045792983250415,7.817038746742616,-11.054383180718473,10.867668292413654,-3.3787556097228477,7.612023146811503,1957.4896713596127,1028.2807763319,1731.7613027599662,496.2434387373712,3819.4813829787236,1715.7831729305963,0.044018665320339656,0.05771050022158495,0.1649663397606383,0.14253286102849647,0.07544374925473289,0.08456616416650324,176.97423218816996,47.09070125630627,66.88140126772514,255.75577975642452,186.32599624667893,0.7978723404255319,3.0
DF_E_2005756,bonafide,lab5/data/sample_audio/DF_E_2005756.flac,-383.76417874741827,172.73537321323207,85.90340638982839,58.81768597922801,-4.3954718428096555,34.24997784724911,25.86553933565644,20.745080559598883,-3.930734384676506,27.253187995025478,3.0536156666689904,13.967352182748025,1.1846175935419125,10.604559561012135,-3.684956098596255,11.794181962219406,-0.8581483502840174,12.391277186535,-7.569119774062058,11.607097378065184,-5.511841654948805,10.27909587874294,-3.827878131606113,9.935378969429987,1.5638124923938992,7.63989584481606,1590.3249099154386,574.4417815835113,1680.803936448918,495.3539882297687,3495.24066091954,1300.558206841573,0.02426153840890205,0.04364059624010442,0.0938061242816092,0.05485573560602992,0.04503372302551516,0.0641512447759214,111.27387963451223,16.97956992518165,85.52012953943436,177.76011274237857,111.44761111088613,0.7816091954022989,2.752
DF_E_2005779,bonafide,lab5/data/sample_audio/DF_E_2005779.flac,-242.15085252295148,152.1651576959511,71.11037452233599,41.54224476624013,-23.351602661799877,41.319855360824825,22.8739715377067,32.38386773239304,-27.71171675654168,25.060606382596433,-16.26320790895756,15.538585996272483,-22.446719668647077,20.75436375301969,-8.091907510890605,10.353027662516187,-13.66338002301277,17.256374370664712,-16.142721906145837,11.639710090228474,-5.702538247438187,8.290983870861465,-11.529551299051084,9.375901305470151,-8.995301732040467,8.14032813341224,1895.6384770508591,812.8476995931073,1639.5342516632015,466.9942218983631,3671.2101063829787,1456.5783699399253,0.03377259078997861,0.0531526554210312,0.14679604388297873,0.10310867178001967,0.09406811058935535,0.0712108040960269,209.99076110266336,40.48511851326189,89.1260666869382,388.7068414395175,205.47097867730625,0.7978723404255319,3.0
DF_E_2005967,bonafide,lab5/data/sample_audio/DF_E_2005967.flac,-456.48450551134476,159.7790382233519,50.616255181900996,37.487632672774794,-8.28084707006495,43.46208151677619,18.865707547740733,22.669036610148467,1.7496730805711542,15.098170544085416,0.4070125769110436,15.858378441130322,-8.741634460839819,18.092433918374578,-13.007736448277818,19.76623716073737,-2.5742182443116572,12.0007249991392,-1.785980541021266,10.349057586525994,-7.277481777316078,10.351391509396128,0.5019035282287192,6.977583681834794,-1.9061557791651564,9.576684597940934,2028.027176418647,715.5574628982033,1847.4359757319703,432.773522497396,4257.48005319149,1176.2743854877222,0.03985535054999537,0.02968075266741644,0.1448792802526596,0.10584445520496623,0.031506351454268916,0.0631466305343203,135.51917556185168,57.95787525651794,67.38300514584523,318.5140285833031,100.96687336267925,0.7978723404255319,3.0
DF_E_2006057,bonafide,lab5/data/sample_audio/DF_E_2006057.flac,-324.62372808253514,192.37103995146157,72.60097504676656,51.42922252071931,-9.33841497086464,38.014603270062985,13.914179365685646,22.58293731967083,-16.733091259256323,29.545981254787183,-8.134546213169047,17.83661244131234,-14.03833879435316,20.06941132787395,-4.136142615308153,11.007314262556605,-7.475845584209929,11.826289338784338,-8.965882846966704,13.263580264027729,-6.600329515623286,9.662190115518108,-8.474412177312882,8.305685419638117,-5.5334742547983815,5.957088033863756,1911.3107948510399,767.6557991521006,1794.4271073038885,555.9782118456692,3938.91289893617,1655.6877098569394,0.05281946071277452,0.0720171407247396,0.11566032247340426,0.06585264883689732,0.06544699263387418,0.07109498448917796,152.77391073253875,63.340606661892465,66.95060234290949,279.1553267868278,141.88954540323596,0.7978723404255319,3.0
DF_E_2006062,bonafide,lab5/data/sample_audio/DF_E_2006062.flac,-185.94538278348983,124.52130174712288,67.23419358941817,47.985741093752985,-0.8680362187085613,32.1522938224372,23.103511864139186,25.283142673055487,1.4113513115913636,20.649838379002023,-14.503496488676436,14.422748915019527,-26.324833714192913,17.636781090881797,-17.182066081031675,18.238003349082717,-5.435332130039892,12.479847791292709,-12.977858879152805,15.051287754096807,-9.359053292101429,10.008946238905363,0.16733449264880149,11.202361476489576,-3.666842846139785,6.143913881001062,2138.6072866980276,1087.0932120224616,1854.784331581865,502.71789487329835,4143.9012096774195,1750.3878528131288,0.054505753352948945,0.06268672988019544,0.1587622857862903,0.09557413080348601,0.13719805859915551,0.09676284051471234,228.52535565322432,44.20219608059072,65.07100487170815,342.09713074147857,230.65949556108242,0.7903225806451613,1.96
DF_E_2006075,bonafide,lab5/data/sample_audio/DF_E_2006075.flac,-140.105584025383,68.16623792395833,137.26440358161926,23.776491831750917,-18.393539018929005,29.296477166007822,47.296688348054886,20.563384807578696,-0.9597295448184013,12.426299823251822,-8.865611284971237,17.06238079596725,-8.329926535487175,9.445552617045703,-14.062849558889866,12.664138393477403,-17.42018692754209,10.263337290885948,8.047418415546417,10.85025859104395,-2.4751183837652206,9.8293256264349,-2.096943068318069,7.532350660619135,-0.25259603932499886,8.479663179274938,1012.6039582919528,296.6183570347112,1229.5810083606061,215.41772491972864,2056.15234375,772.7033425261906,0.0014274160257627955,0.002012396456915994,0.04522705078125,0.01346250713316322,0.2143295060377568,0.08337265057404354,109.85834571714322,5.099482792969799,101.38516504930645,121.07511916766447,108.39520052196751,0.78125,0.99975
DF_E_2006108,bonafide,lab5/data/sample_audio/DF_E_2006108.flac,-308.42268830157343,172.85090143189242,76.9246218733965,50.30632455823777,-5.743504843496262,28.714948964459097,31.12347969856668,26.34744087142038,-13.955450232992781,26.848692818777327,10.020911640309272,15.642987271745417,-11.406737796803737,14.500818017784688,-1.4639024147962003,8.344744584335572,-11.960833270499046,11.960371140817003,-4.111014855034808,14.405975690038332,-13.354529771161205,10.71053744762273,-3.433384569005129,8.888511654349774,-2.0459989956084716,8.570556774432001,1687.1761348122388,944.6333795996082,1446.2820394611217,287.4586092548155,3109.624335106383,1424.0750512013096,0.0220191183734061,0.035430623968383194,0.11657974567819149,0.07925297735568411,0.05920547597727025,0.07097066814821695,127.74503585065615,50.42643579464228,68.94362826165684,315.903966590101,115.44665404392387,0.7978723404255319,3.0
DF_E_2006367,bonafide,lab5/data/sample_audio/DF_E_2006367.flac,-329.88942820851395,163.16657219953737,65.27560392749018,41.64040651765742,17.230262407442417,29.74850912157212,25.270136654376984,21.167946658344157,-6.592736557126045,22.385235842179938,-5.172490899882665,13.82414677065306,-12.71131219451384,18.796983255118416,-12.064021121074514,20.65970815187255,-0.00926565796863742,12.588424156542942,-8.111328537326033,13.147494352491192,-6.298002851082058,7.042555496665133,-6.7964404243521575,8.217155643331456,-10.179126094027263,8.171708338646425,1998.7586922810672,815.2629143096766,2025.5276920116298,443.41196728785957,4539.1577743902435,1341.006672786617,0.03147326239062439,0.035637490570890815,0.11341225228658537,0.10841289530381656,0.0758946820321243,0.09832392588959053,144.659111217909,53.18855474725146,86.24313070791987,259.2609798039548,109.68231367459768,0.7804878048780488,2.60475
DF_E_2006414,bonafide,lab5/data/sample_audio/DF_E_2006414.flac,-313.694005803859,150.85077861091523,69.97590320668321,55.615413576098106,-33.03335003079252,59.474236218218984,11.8890468700135,22.869398924528653,-13.284143067420796,30.16646886696189,1.7206887590124251,13.597253298052538,-14.887654034698263,19.631723973825487,-17.81587618113832,19.675241551310357,-1.634924145772102,14.160410439264483,-6.5424584607653165,13.160879346085913,-7.412403087191125,11.215895623811527,-7.528334852466558,11.20782889808596,-5.692196145019633,8.467579429144669,2030.893198555332,998.2051117803838,1616.8821479266085,565.0328345146042,3772.6063829787236,1662.3847754130454,0.045759522108323354,0.07033304336554383,0.15937188331117022,0.11934021581592565,0.06962267026315107,0.08567132133289225,220.32929582378333,65.89536828387253,75.32602146717743,338.68948355684097,244.92607557538182,0.7978723404255319,3.0
DF_E_2006437,bonafide,lab5/data/sample_audio/DF_E_2006437.flac,-281.41270609104885,156.5312287999012,81.68963959876527,53.59917429321617,-1.641223021010135,34.958218187077456,38.745549356683775,28.553738644757633,-1.4530049836699,14.942723542645004,-1.4978261805595237,15.043314425882112,-15.730787742645182,17.54205298881582,-2.1146234782769326,15.243460150617528,-12.182648571406274,13.835022090169838,-10.300067590272173,9.4120584341433,-17.087819965912942,13.168104032181526,-4.775142789679639,8.446159197838938,-7.516435467499368,10.185273785505732,1580.1083555649047,906.64275090788,1446.1025165071187,370.1426810562963,3048.121675531915,1379.9152539470372,0.013770417141324985,0.020111417684884062,0.1325423869680851,0.08909561142679803,0.09079330897719123,0.08581534734686579,122.2817239308268,23.949798919498168,83.66282514350208,257.7639977644614,120.127516209517,0.7978723404255319,3.0
DF_E_2006515,bonafide,lab5/data/sample_audio/DF_E_2006515.flac,-375.9647969185038,168.35763159170918,74.79322289405985,50.41251404220665,7.200227559881007,31.32167316936574,22.59121418506541,17.521018314980473,4.729982689023018,20.711244273840183,4.0527519811975194,11.327267621034165,-9.030959964432615,19.515557846742247,-13.445656171742272,22.73469626804884,0.1988120266097657,10.938743154913894,-1.8280284835937175,9.73234894652052,-0.587169756914707,8.893339884630535,-1.513981007356593,6.126249725616962,0.12977385964799434,7.84521964376566,1423.1031980686776,486.5415637463915,1797.0549791895223,560.6966505606786,3383.7267287234044,1434.1811213297274,0.011132324752636239,0.017849816759315903,0.0553212267287234,0.04599547337404595,0.07632078537643154,0.10441928738857106,141.17126609232474,47.6560561338343,82.36144498160017,224.32708250365113,106.83432904179094,0.7978723404255319,3.0
DF_E_2006743,bonafide,lab5/data/sample_audio/DF_E_2006743.flac,-170.13133074289345,60.46745408024126,106.21380515773612,59.446218991110555,-2.334629570863333,24.32898410733627,29.189588959676673,24.828041048530967,-27.57522101071944,27.759907461255327,6.311370430581541,14.6148780305126,-6.704345139394324,13.188870417279965,-18.5600163275937,11.228417249108661,-12.015124211110264,10.385415943639638,-14.75895806877728,13.864300527988325,-9.845417093799774,9.98357745816196,-10.721603524972158,7.009532055363595,-0.9133991617036153,6.460209910003653,1624.0144287114395,1005.1623294070972,1510.0131808490119,457.70560363444207,3095.632530120482,1661.9271938861787,0.048092832081216244,0.08857306368933014,0.14235457454819278,0.10091695747034705,0.10580464756587543,0.05632787179205942,118.43014906130392,8.333635116262457,102.1956652945024,140.57593695836687,116.07959574449919,0.7951807228915663,2.6269375
DF_E_2006837,bonafide,lab5/data/sample_audio/DF_E_2006837.flac,-348.3267474783228,176.21348611966562,47.64285551360313,42.99182807515987,-7.5627279316491265,40.85615638765612,23.080591246168662,20.979331066256,-11.930395801650716,29.855029846357464,-2.076127790073131,14.825404305275322,-5.984035175531469,13.253794257091652,-10.836681487078362,15.677297499587747,-6.062087359382434,11.506579233891758,-16.229901551486964,14.99597855669347,-1.733146070482883,7.635347459972913,-11.62833691515187,14.489097008019879,-5.292176314173861,5.897790747195994,2170.3945798024283,967.7871252924028,1925.6514719749607,446.5010964664966,4540.309175531915,1306.5729738968294,0.04348788174405506,0.057004144067591626,0.15920046542553193,0.15004570573917334,0.05203238015739307,0.07231761775503213,170.18561557388037,59.88732490885495,82.09357805922298,324.8119912456903,177.14120789140856,0.7978723404255319,3.0
DF_E_2007079,bonafide,lab5/data/sample_audio/DF_E_2007079.flac,-358.51926178627826,175.0963018522412,62.537016812791215,40.636719207995625,4.7358214626920985,36.33990201852542,21.743764926937033,18.72296759933289,-8.536285952050635,27.170283989635617,-8.199335051977888,15.895529322771406,-10.35623500971718,17.785228231112097,-3.33005417027372,15.085362460796073,-13.916810883962093,15.247637315926458,-11.404855070754568,11.608658069022475,-5.656919720008018,8.115557419108452,-3.5198639077233507,8.030170195088251,-7.734459804727676,6.885645007181226,1934.0930049369401,705.7801191479612,1925.0846403244975,473.0282753377707,4157.33045212766,1452.2277426507396,0.0420308887857592,0.06064607282643672,0.12779463098404256,0.08489575471995287,0.046496772133940927,0.06034190410471632,180.47153719987725,69.51903832251986,65.66946587933889,302.20531961968,199.3341327295576,0.7872340425531915,3.0
DF_E_2007102,bonafide,lab5/data/sample_audio/DF_E_2007102.flac,-158.37106822399383,90.00596115014727,99.67883764429295,54.26876959455474,-23.895714890449604,40.91397997394602,22.547591165659277,28.683981170700747,-23.307017472513177,25.168579876353345,-6.944410675066583,15.09464970437822,-26.155100310102423,15.014139359897449,-12.818517128203778,13.68786589597721,-26.703601624103303,13.943678367815728,-9.237939607272757,14.288255183438675,-6.773066207449487,12.68967122655631,-8.81578004518722,12.359908122145066,-9.435605751073107,9.790455605099973,1592.3268396667625,793.6629784365446,1442.7923033607271,494.0907420827496,3081.3663563829787,1524.107109376225,0.008592219945212686,0.016085462698518137,0.16148603723404256,0.10456562244600812,0.1522426157954466,0.07215185999659515,193.7612027480267,32.14360538315179,102.66842911123614,274.49097430039126,194.03679533074862,0.7978723404255319,3.0
DF_E_2007297,bonafide,lab5/data/sample_audio/DF_E_2007297.flac,-363.8627948295779,147.7037619113459,63.85693233187606,46.68109331503218,-12.85807769836449,64.50918340919615,18.42464706665132,24.50360597174658,-8.762500198875985,24.62544169236699,-4.86725244144114,17.458245963776427,-8.335318160129756,14.166911532398128,-12.500937604322665,19.79436614748741,-0.20102693540293995,16.531488887971488,-6.7037797479367836,10.829393579517378,-5.3071976107795065,12.272481065882069,-2.2404362061401693,10.383792068668956,-5.925690088330246,6.800167226512098,2194.913924784006,1033.7918690562587,1797.7630564174533,524.3195855443263,4203.315548780488,1444.7149677442403,0.040141592886090906,0.05750384578341861,0.17638862423780488,0.14316525506945857,0.04192394308004778,0.06182799305349929,188.83274556759716,82.1881148182466,69.32128359424625,309.83352773504345,215.45064260766176,0.7926829268292683,2.616
DF_E_2007327,bonafide,lab5/data/sample_audio/DF_E_2007327.flac,-275.4471147821305,151.1265367497894,99.24711902598118,37.06314152685455,6.452595063980589,20.99542072589643,27.351200542551407,24.927190640745273,10.981970481416012,17.338540646946896,-4.79029967905359,11.50003706788921,-18.53582467804564,14.946745937267155,-12.485817540516244,15.672604225769055,2.9333720433902233,12.10947480082918,-8.63710939630549,9.704286734316879,-7.9890002448191035,11.265750713884312,-6.458944022655487,7.883362020341881,-12.983553663213202,10.86245833149397,1410.0438158649501,543.446039472414,1658.2016948064768,393.5959097466465,3041.971409574468,1264.0844355677968,0.025758244113487618,0.03737408593777247,0.07656665558510638,0.034506731437323565,0.10690289918219353,0.11424492407744766,108.88350766254227,35.69688421932981,76.76569117636373,282.92670510182313,100.02350388680595,0.7978723404255319,3.0
DF_E_2007574,bonafide,lab5/data/sample_audio/DF_E_2007574.flac,-374.14574148299846,169.199628934455,77.12978580150198,51.13360441861074,9.48817538327359,30.607418487352735,24.52687265898319,18.036941113807785,6.539763268638165,21.76121847120637,5.523420593998534,11.964282263462097,-7.485111031126468,19.437335411514024,-11.628351716760625,22.546004491668608,1.4568795168653448,11.030272605448909,0.8190291709405311,7.629901737113326,0.551471878873541,7.921534161019732,-0.17344955687827252,6.029539281489896,1.516389381695301,7.950691347798072,1449.5119650791469,495.79122334649105,1805.6527251550415,562.0375469117206,3449.634308510638,1464.2655627632355,0.011167689967515663,0.01814181394625522,0.06138318650265957,0.05022471952356028,0.07565822780870417,0.10358208118790328,141.4677912576308,48.03056301475509,82.22036088212278,224.38428680109027,106.94655054279714,0.7978723404255319,3.0
DF_E_2007773,bonafide,lab5/data/sample_audio/DF_E_2007773.flac,-198.1416707140334,80.79943590200183,121.52882331736545,70.7428195517544,4.314397821718074,35.64836588294964,35.90089400017515,30.52942284492479,8.865914641542638,18.37024864876356,-4.848750400416394,14.511335499159388,0.634094811817433,15.071755613782784,1.8434733485287809,12.69814030708025,-13.265398731257052,13.365967712683116,-24.36018810880945,12.198181383723595,-16.81141117976067,11.174950964175105,-8.859633115694878,11.393162683726233,-4.146188430329587,11.000314372498643,1342.5465486985925,998.6844434452814,1367.8809319549118,532.52397524502,2607.7958776595747,1767.4549288820963,0.018194690778514957,0.04301075746839126,0.11036195146276596,0.1082223836243042,0.12065576957761646,0.06688272081966243,101.55834993419056,22.499887617548037,69.90924500761442,216.3167288321159,95.65823467377831,0.7978723404255319,3.0
DF_E_2007778,bonafide,lab5/data/sample_audio/DF_E_2007778.flac,-314.118035417922,182.0449983694232,70.80346666498387,54.76986607217842,5.34929252178111,37.63409079508468,28.5227634259995,21.845438112892214,11.068109630270207,14.523980161602204,0.9666049093642133,13.031511104755397,-3.9500011950731277,11.282756078829978,-17.11114289564021,20.40282479252676,-5.993970294106514,11.0227810408441,-9.862836372979144,10.861333482909343,-9.334501931641965,8.142076947332406,-3.544262536821213,6.666399813290643,-8.752360218541419,8.730160514607899,1826.5543721228807,816.4699353506118,1927.8691309316569,580.9811247323543,4148.271276595745,1672.634863923206,0.03307201168385329,0.042523827370965585,0.10811793550531915,0.08593780958349966,0.08265165751799941,0.09052443531843796,127.72297856165488,51.59536400179847,65.53165519686519,344.96601953744255,115.89587179506046,0.7978723404255319,3.0
DF_E_2008096,bonafide,lab5/data/sample_audio/DF_E_2008096.flac,-334.5249190153899,186.40323449561788,75.64777998276699,44.28161378980661,-5.1609497011443715,54.18297803299814,33.469990387742904,25.51684489360907,-16.333394286073286,31.056080264541727,4.924639141853945,21.0672496558396,-14.237908741206299,17.80239899219942,-24.066465121728402,22.32941071460186,5.6718694043380244,19.953806233225738,-7.256999400662787,11.552705482819505,-4.86977305861167,8.525176573151963,-12.372036982833603,12.582072529508194,3.9707916264916645,8.718253808879208,1775.1932715491246,779.2045136212691,1727.898556107766,513.4153723379793,3753.0864197530864,1344.752084169736,0.015276392317103689,0.029330735786959616,0.11326316550925926,0.0870361806047297,0.06912184721412264,0.07202477743069623,206.35085004375696,64.09332155342096,85.97286570942327,352.8302000581251,230.3457062392789,0.7901234567901234,2.56
DF_E_2008139,bonafide,lab5/data/sample_audio/DF_E_2008139.flac,-320.47141988226707,167.09485882477156,85.0452357048684,69.98039278459926,5.155501657343925,32.20822526970633,15.811842045568405,21.220637377530103,-12.04991387845354,22.91614179207458,-0.9677180701747854,16.594112710530894,-10.297595314523006,19.98275857477735,-4.281904232628802,15.936259473558387,-9.761174114143595,15.849830330434797,-6.303820673455584,13.798251309103874,-11.383205435377485,11.934314336074555,0.8132424845974496,7.12812144960656,-9.798012553377355,11.663104224275179,1532.1043249230074,950.9638620788734,1547.5973354605592,576.9241842495466,3092.4202127659573,1720.0795141573033,0.012892118072952454,0.018567578932665158,0.09707966256648937,0.09832686553072721,0.06801640358784464,0.07657461831425617,108.65744367293823,16.120897374420537,75.08775785288003,147.3752864598474,104.27479234045494,0.7978723404255319,3.0
DF_E_2008237,bonafide,lab5/data/sample_audio/DF_E_2008237.flac,-301.6214526249812,159.624798401211,82.43921788533528,41.53202494356194,-12.78797601736509,37.68101158321555,27.015943736220017,33.73761554900265,-30.8420301706363,37.937194330768556,-4.0130070967551985,16.15471564536679,-15.824332405359318,18.46821203287133,-11.104283978541693,15.768233773115398,-16.247716170090897,17.559059132475383,-14.579524224003157,12.566787108258554,-7.557044625473329,9.567371600743336,-0.3036479881176582,10.723135298276526,-6.491863796726252,8.550633009966738,1566.0640793332434,697.5668516265321,1530.9611262580017,433.04668956803175,3232.2716346153848,1327.0709388821733,0.01039870261203573,0.014653626373685487,0.11827674278846154,0.10639329350237765,0.08625549811031072,0.08602906500321203,184.9532060092748,59.87746107966201,72.56878758884618,303.8735805298723,204.1766302435237,0.7948717948717948,2.478375
DF_E_2008443,bonafide,lab5/data/sample_audio/DF_E_2008443.flac,-293.2217748114403,142.04791554670763,73.29582257473723,54.470323890761925,-14.857206301803284,45.15245164763811,23.285241173461397,22.550367207513354,-19.995437722890934,30.926982790046566,1.343824433519485,16.16507809626136,-23.67606341965655,18.611236529110297,-13.03767073027631,14.050660770929765,-5.478349147324867,13.749001885575732,1.7167639526280951,12.633003623721049,-10.953071507050636,10.898622332388399,-6.838985589590479,10.539502586912109,-4.479749860915732,7.759505772961698,1897.180479992728,1141.0281114622092,1570.0577073119834,535.036425837508,3382.7293882978724,2030.5477428524098,0.021734765179025225,0.03798887976692573,0.1861857962101064,0.1692984238358239,0.058528655384508695,0.052452187309155976,228.6157899231732,64.31917795966856,76.5596424230747,364.33452153230354,239.32713096418996,0.776595744680851,3.0
DF_E_2008840,bonafide,lab5/data/sample_audio/DF_E_2008840.flac,-275.2856976123566,150.3996222145079,58.92355085941071,44.65259168936262,1.2571731783608173,22.724456447064558,14.341498584823405,19.463810461456465,-20.923319942773656,19.762587759524,1.9952012218059378,9.902961520564398,-16.656938361677717,17.167181450089757,-3.9270199296322277,14.273847117417178,-13.318475415731998,19.303426680101932,-15.286126433851871,13.774649736425792,-7.248240379259942,11.142920765593805,5.2328975048471005,9.984580923554383,-8.777559610440376,11.595528841221697,2013.3340792830234,988.1841488429761,1791.7764955610485,378.4908313183991,4001.745345744681,1509.6751850420435,0.0233413506500662,0.02787553398942334,0.15594352559840424,0.1260530870688897,0.08333930508927145,0.08539658131631334,173.85159043976103,53.91018973350854,68.95222113357298,261.5809596621824,195.8708236324396,0.7978723404255319,3.0
DF_E_2008847,bonafide,lab5/data/sample_audio/DF_E_2008847.flac,-379.15455861838467,165.03792540373092,57.987472005637294,54.930939042832904,-0.8338719218610281,40.09634613053979,23.9594235240695,21.97816811822337,-6.059203014136797,30.25268088615404,2.429390381258654,16.292744739476987,-11.630423540092377,20.579328069546403,-14.38304337535996,21.104151653201793,5.844109631446471,10.480800062758323,0.43714928465435304,8.25212103669603,-2.7791082342884628,8.301853439280341,-7.152976573680538,8.152523897696854,-2.361674591001258,11.14050074253481,1804.9123955071295,859.4862918607863,1798.4831436500717,498.5865881766961,3856.9277108433735,1436.4534477906373,0.02659931289665373,0.04969197150147036,0.10776308358433735,0.10985669834015134,0.04766913035292605,0.06830239677789274,186.53520247791988,78.66042982387205,81.17644158748507,348.89396400805884,226.82827237048207,0.7590361445783133,2.624
DF_E_2008863,bonafide,lab5/data/sample_audio/DF_E_2008863.flac,-297.7112669033951,175.56919457342093,72.92740758885158,37.42773846443398,2.7661150509721777,32.527215469737605,41.36495370677348,33.0394665873168,-2.1913193919685447,14.2888076136409,-2.7818602671783963,9.88903582728176,-17.554448226529562,17.36571421676729,-9.638658573029542,14.378155617890405,4.665677989969093,9.636336080651583,-6.838926443390632,11.83147543035167,-6.67293711190813,7.815628154940539,-1.821950547480851,8.852974770405776,-7.202744164828504,6.215921592011072,2016.8552504144086,775.2697160142586,1877.3359399165208,384.67158064596225,4233.146067415731,1104.6904046353366,0.04361302987868594,0.047434077309461566,0.13228581460674158,0.09744749855139917,0.061534122852320794,0.07167363558492541,125.08034816782938,57.37634724011489,71.39352708420552,339.0177044588435,100.89841840623605,0.797752808988764,2.84
DF_E_2009528,bonafide,lab5/data/sample_audio/DF_E_2009528.flac,-394.6703507986413,174.25476953309195,93.4900920017656,43.7890320283771,5.601371839822057,26.370601189677927,29.293219484837657,26.722268474652566,11.81940916036985,16.611513810511475,0.7050391719283828,15.602920541966718,-0.9584610796118357,13.083121270966242,-7.315370927733111,13.335815996602122,-1.819509411881487,8.068034470474712,-4.782207587576774,11.773752048760008,-7.981853514371148,12.08666384324931,-6.928411946239241,6.351036340847181,-15.52353376652821,10.609098116722476,1606.3275025162918,671.9138648290299,1825.1171046693028,559.6281738791258,3681.1935240963853,1651.1889428648108,0.028095686289400117,0.05024870304471527,0.061829348644578314,0.02775764320110549,0.04476351947460537,0.05935414556750588,89.06142332975318,14.079127607541237,67.53376386345239,156.10893821501216,87.10462267922213,0.7951807228915663,2.624
DF_E_2009967,bonafide,lab5/data/sample_audio/DF_E_2009967.flac,-370.9183510313643,165.3530351907735,68.02953108067209,50.38937860405534,-9.76219958320577,37.17467813773622,28.607605714747248,32.50589649386178,-3.758605605744301,19.94141243829556,2.404675788701849,16.155016787762854,-7.047812355167054,14.194549811351415,-2.746895286155508,14.175186285775586,-4.263095088778658,11.891748233553967,-4.758341923356056,13.288916682356227,-9.776132844864055,14.380111735188509,-3.2713667212965643,8.281766737423222,-2.208930234959785,8.903932438448976,1457.7988784356846,663.5085289096968,1568.0543517173253,333.992403213729,2893.11835106383,1136.7007353335293,0.015161459645706272,0.035934364930038744,0.09448761635638298,0.07226575643011673,0.03856757489971797,0.057340856863351476,125.9310420098632,41.30696846948479,87.60015330714681,371.384933527838,116.76520346355885,0.7978723404255319,3.0
DF_E_2010009,bonafide,lab5/data/sample_audio/DF_E_2010009.flac,-384.1377636553293,191.6919202981638,78.49360098321753,34.62898844888456,-1.8100024052413113,39.435725138804806,26.700909694993353,23.23092049346114,3.862677677568183,12.646385802242666,-3.343511118946305,16.131404059676818,-4.878143535410783,10.654256862336394,-9.491479809025684,16.199124110836568,-0.5840652699930122,9.795920010262115,1.1272106116794678,9.319580907519024,-4.115648110767445,7.774113247627704,-2.2495625038822014,8.156818312966932,-5.677733631378197,5.769169829721717,1781.1469596675288,428.1550284174164,1932.9063346349797,489.7978423969053,4182.417168674699,1195.321687286861,0.03562495589827142,0.05108901176046437,0.08130176957831325,0.029218957542189714,0.04797626794606913,0.07855351217743978,97.53445477240405,14.000339092869613,75.01207338117888,190.5785638166937,97.94088628183093,0.7951807228915663,2.624
DF_E_2010501,bonafide,lab5/data/sample_audio/DF_E_2010501.flac,-203.62051110518607,70.78028288951336,121.47111312025471,59.46549430129615,-32.97186314118536,50.127648088356196,50.95026859484221,33.356000790109654,-17.143645548506786,22.90053311597661,-25.422969827526494,18.984877294464805,-20.417359342700557,18.498402200070057,-13.684437933721041,12.605439027931602,-17.56437428687748,9.931762525105418,4.082121638483123,15.809630759394382,-13.352490851753636,9.109385103261666,8.613961982099633,10.011091771425148,-12.394332151663932,4.653413781012682,1489.8080609839042,703.3034309939643,1317.8922805007737,447.2791424619766,2978.001644736842,1321.0979630668949,0.0159776022622904,0.0392297235454261,0.13630756578947367,0.11051572794382655,0.10194346715549105,0.06560138962894958,126.72690002364024,31.98817526856153,90.67596398745899,224.29992590936,118.34867635683644,0.7894736842105263,1.209375
DF_E_2010587,bonafide,lab5/data/sample_audio/DF_E_2010587.flac,-339.17270000329177,143.51546485158815,78.15369352062096,34.80673505281616,4.8736554692300516,30.30702039049405,17.67673500736108,21.636234832281446,1.286380684777592,26.45968833695704,5.8003342734293994,11.088823379521571,-18.42058542404282,20.49083157793127,-10.137680003147446,16.940404686150732,2.652187060439185,17.4165975579419,1.6223094165325165,8.004789698466231,-9.752499361302746,11.066113638937555,2.4261215881685194,6.960871480984333,-6.201521718435073,11.111830433394632,1387.755806981134,628.8807570498392,1597.8997836258643,357.0363757510049,2881.232443820225,1118.893125063795,0.0078425526294319,0.012155780555794886,0.07675342345505617,0.07033577014234406,0.08893473453432572,0.132793034549369,146.290359905206,62.24753913723937,88.37981179738645,392.6393238110557,106.87485788223906,0.797752808988764,2.821
DF_E_2010711,bonafide,lab5/data/sample_audio/DF_E_2010711.flac,-223.20384814415448,119.03740877933639,77.72486240481153,51.158101495154895,-14.56924745845206,36.72605683480585,42.14114838985749,29.96155822124583,-6.132938574861597,23.30409212641989,-4.427006177696181,15.152773366615213,-27.359578091421245,17.88763840075151,-13.473070920065597,14.2147917761804,-16.712056081236145,13.1808658132959,-6.742848440452859,13.37725389234678,-7.832576704981887,11.829273532207592,-9.40037167660984,11.980368837582727,1.7068014476034377,8.966161536052239,1773.563063371184,1032.084700428658,1503.677881942863,382.2495115901568,3359.953703703704,1389.9625720692113,0.015708869058684804,0.027257896953533988,0.12877965856481483,0.1283652694441021,0.13617821213685805,0.1067173892437724,184.02717610869314,36.85210413964041,141.49571242311237,322.8712749784774,170.9744393748874,0.7901234567901234,2.56
DF_E_2010729,bonafide,lab5/data/sample_audio/DF_E_2010729.flac,-247.5287032939018,177.27130339997908,93.73628307403402,49.97391650465699,-14.480995421079879,41.96343185801628,36.07815470340404,33.433448693757455,-2.717943746992882,16.8585061380175,2.2076816292519266,13.815621510553822,-5.318869517838701,14.679416513722146,-21.080232016583707,21.75734405017914,4.316987049706439,8.741292522346498,-3.4849740634573267,14.0471388987476,-2.892311230935949,8.286362638195744,1.8898090986495322,10.178606426201071,-6.462528556585312,7.717146765226362,1810.0214337042214,702.75941766439,1703.1936903559913,469.3328549970991,3734.790558510638,1288.7221338107854,0.03336799503666314,0.05599092888920415,0.1241688829787234,0.07605413665444388,0.09240410085197816,0.08940497518739814,110.70151536509599,33.9926887846375,82.4650659840886,264.8773094302397,101.20876489124242,0.7978723404255319,3.0
DF_E_2010776,bonafide,lab5/data/sample_audio/DF_E_2010776.flac,-311.3380885177784,172.44553821256687,64.67868241299404,55.308905572508024,5.583313189195783,32.48995817062206,11.038404243715693,22.820981809396553,3.7577543605244563,19.041223467199842,-2.8841242498896094,13.89434426356721,-10.887321121488394,14.60526517431086,-9.646030950747178,13.931354702357003,-2.8613949091581814,9.046447793312957,-4.8952359788203506,10.28783446584343,-12.505653737887238,9.054932892685907,-3.8637941573443038,8.571399006713413,-5.080569839209653,7.687520135493836,2304.468201559004,1373.107673328559,1934.4556479177681,524.1619796005571,4488.588483146067,1899.0831239140637,0.06023393991289482,0.07737821467196598,0.1609353054775281,0.16755839806003225,0.06277767433444813,0.06705343644489557,149.95004826214776,49.43565449142079,68.63498118664059,298.1061162587024,164.88814675702628,0.797752808988764,2.816
DF_E_2010941,bonafide,lab5/data/sample_audio/DF_E_2010941.flac,-183.20553405995065,144.2631232280343,69.8647006696209,61.26207248731203,3.9910632365561547,34.567266010000765,31.846437087084386,29.626201147112415,0.6252906401740744,22.255170577063275,14.598658459617736,14.373274319238494,-16.891191128720628,15.968656216738111,-1.4214158172303057,17.432649442498366,-6.89223347509161,10.496050011523304,-6.478456129101997,15.573857208295172,3.053892247854395,12.865281477487708,-12.946415309417755,12.236032972096881,-13.733074785230007,12.458201111993382,1995.6357485355593,1209.385285674527,1698.3905368369474,421.53220395557,3864.444813829787,1643.0349366633811,0.03488555086004637,0.04856854628455651,0.14939847905585107,0.15169166993353447,0.1265294648260448,0.07583183544182946,122.54519585376474,24.52388528587059,84.4788872707263,189.8556180533106,115.66428618850068,0.7978723404255319,3.0
DF_E_2010993,bonafide,lab5/data/sample_audio/DF_E_2010993.flac,-149.51477226385703,77.7676393643245,129.1112086222722,97.4561933328131,9.450006076922783,27.57824341073678,17.927702370744484,15.79141665902981,18.805359858732956,15.624415832519372,9.269226954533504,14.609712336779957,0.4433106550803551,17.62731220794916,-17.291360057317295,16.727747225743357,-6.967854105509245,12.759466142948558,-4.7419026356477,15.027453779933301,-9.752946853637695,8.172334530086731,5.016941994428635,9.967405384240003,-21.346247975642864,13.443300483633735,1679.0628342915645,1574.484590169179,1294.376122708315,620.1472283045252,2774.0384615384614,2324.140646995854,0.024097221202142603,0.04032696010009542,0.12586388221153846,0.16569120347367755,0.19538508728146553,0.07405417575062696,84.99867345048787,3.989644408151834,80.149160986928,93.96705501506288,84.69012881108583,0.7692307692307693,0.819875
DF_E_2011206,bonafide,lab5/data/sample_audio/DF_E_2011206.flac,-333.72686146151636,171.03216686496248,51.52369559195734,67.54222338638837,14.524734490340755,23.619944291076177,27.544575329749815,27.19965857648389,-2.5563179917873873,16.59106596658613,11.188012676854287,13.454259396455695,-6.344313694584754,21.65739838445533,-9.56973959505558,21.06163054690073,-9.43721846226723,13.444081248308315,-1.2156855012139967,11.49499306484668,-11.867553995020929,13.239092655588841,3.199998260025055,9.21086497772475,-6.9424229576703045,9.952160442133065,1930.657898746108,1225.8683959715788,1737.5660583542035,434.81407529411814,3903.8558467741937,1702.555318624745,0.01949673443384874,0.03260597720410943,0.11796717489919355,0.140588802469254,0.07535405875316956,0.09082861367959974,118.09203240228437,58.33585555187261,72.65540941946954,340.35824895334616,101.09499825461708,0.7741935483870968,1.9634375
DF_E_2011273,bonafide,lab5/data/sample_audio/DF_E_2011273.flac,-280.67262878417966,175.3850639708244,66.89008176591662,64.0525228409823,16.09851319955455,26.619510310916073,27.15780806541443,27.76899820333914,12.000796614752876,20.6031188230062,3.531185777982076,15.740632194420824,-1.5830318508876695,12.689747454452746,-1.3774536828200021,10.556010649316715,-3.890725422567791,12.13840839600002,-0.08054924375481076,12.98452746463095,-8.267918874488936,11.828778837532171,3.811243239045143,10.264027012635442,-1.5165462475683955,7.716993433240715,1819.5396047902293,1118.2337670914508,1779.3093376562726,492.49814426428173,3654.1666666666665,2040.4538409800255,0.05236379632235387,0.09048144655386221,0.12174479166666667,0.09989605375550009,0.09499209649770314,0.09416013048317384,89.2913036326477,16.190111357227273,68.28279712397027,137.47784357348195,81.1340385349315,0.8,2.856
DF_E_2011319,bonafide,lab5/data/sample_audio/DF_E_2011319.flac,-197.04842149450423,94.2540180151047,72.1209619400349,60.716608222124094,-7.787894472162774,40.3332577433571,4.6917393867005694,30.602371055809037,-14.369971554964147,24.69913958022897,-3.462837924982639,19.102401639270198,-34.19740281079678,16.19773606345877,-18.48559265758129,14.991301039953346,-19.849492392007342,13.924156656557333,-0.5188068279877622,13.459484437443663,-12.624574443127246,10.784100197244921,-2.4602270926091263,9.733633794098614,-1.829742484270258,10.538572560246877,2008.141247724202,1367.452638440666,1587.0488095473754,523.916894414958,3553.27460106383,2018.8682450511321,0.03462563718005882,0.05530351086203603,0.16736619015957446,0.14317644838457552,0.1490932512815368,0.09886157581216878,222.92423331581196,23.66518001084093,83.61021986591133,272.9148959332284,220.49809656799982,0.7978723404255319,3.0
DF_E_2011325,bonafide,lab5/data/sample_audio/DF_E_2011325.flac,-348.3579187826677,199.6978753305675,64.38724574536988,41.06434680600424,-8.779048578305678,41.226668811685684,12.070872608459357,22.907062294068222,-8.578984087163752,30.324751411405106,7.41879034855149,14.779213039876351,-8.020754917101426,18.074446021102595,1.5278111082134824,11.303962446717465,-10.972505661574276,15.264251083265295,-4.539772270755335,11.003497017802694,-6.19056285353321,11.625856742307139,0.05013222157052069,9.395641596080113,-5.062200746752999,7.88693779443918,1348.4620992635664,834.668431201553,1489.0799993509372,340.7767528978692,2307.410037878788,1745.9090294596588,0.015262200754009289,0.03375152264868027,0.09649473248106061,0.11666809774171896,0.055240615595583666,0.08295709130233259,147.51191959895826,46.5078343753315,85.93720784709221,223.26472727002292,174.66314301605377,0.7878787878787878,2.083
DF_E_2011339,bonafide,lab5/data/sample_audio/DF_E_2011339.flac,-139.65242405498728,77.41807967184441,83.93042641995,58.38819440910815,-5.373134701859717,37.62615195426907,53.26198386211021,32.559315213363774,-9.994589356815114,16.951555146732712,3.010757430803542,12.768663246052286,-16.11649752364439,13.573716294007165,-11.033244300122355,15.972902536315713,-6.203186011781879,14.46040317312622,-14.538424835485571,16.71253530062683,-18.531228698936165,10.839017705657232,-1.8991840306450338,10.567262864117536,-12.404190641992232,5.957248034218305,1942.0418905907218,1199.8969067953124,1594.1264083351805,439.3067657638076,3709.5588235294117,1636.670732076139,0.021754082894225504,0.03353937678872835,0.17278454350490197,0.1294154669265523,0.14221395654421226,0.06342783509900078,131.2528714960666,9.949517776976496,106.92427390592265,149.41233662815065,130.78805473827725,0.7843137254901961,1.6095
DF_E_2011491,bonafide,lab5/data/sample_audio/DF_E_2011491.flac,-319.3475313389555,175.74976896831623,86.73036775183171,58.75538246044605,-19.83241402468783,34.98223009700936,17.59640955829874,25.36467579899921,-1.8966062227462201,20.9867109627571,2.506328507623774,12.263732640178656,-17.566913424971254,19.92789040430984,-2.8412299143507127,14.990485309691975,-8.030121631920338,17.291825659354227,-6.441505182613718,14.922575943266857,-11.089795049200667,11.08710107535893,-0.6490781988869322,9.197160230221883,-11.074581639328477,12.750983158493037,1734.66257698118,952.2622421172416,1526.0188861705503,452.3736494130365,3351.5625,1482.0254536374835,0.020271903104235496,0.02151445612181818,0.13526948969414893,0.1271736480264291,0.06422661123902566,0.07456801356646357,119.35055131931153,55.71565472076284,67.12870349390109,365.8639984566263,111.2666628912446,0.7978723404255319,3.0
DF_E_2011518,bonafide,lab5/data/sample_audio/DF_E_2011518.flac,-158.27767615982248,53.05803645427952,68.04694285573838,58.01349558905736,-12.434382900407043,42.1944931810709,39.43987616158645,29.327371467967176,-18.031856572514847,17.2072332353541,-8.184927242088921,18.650598601208806,-29.261142208606383,11.692381331047923,-10.290293371375602,14.394758942181513,-21.575455923623675,15.738620121675183,-16.846546552226513,13.21587026198943,-19.650413756129108,11.266735953983083,-2.6057216672203207,12.134653395609213,-13.071112785158277,8.539631474684263,2042.8161180483817,1275.0877770468978,1593.2594769265256,521.897366356927,3747.7254746835442,1822.974134825791,0.024860670728345743,0.04131736190473931,0.1798976463607595,0.1397145233866811,0.1552730266217001,0.07858218859082505,175.47972764425643,15.198522340998993,154.83495148224557,209.286792818566,170.7874288092712,0.7974683544303798,2.4984375
DF_E_2011647,bonafide,lab5/data/sample_audio/DF_E_2011647.flac,-278.6267119838345,158.48902313726583,66.34685222436023,62.168153042544674,17.637589277759677,25.23963372107512,32.671707736548555,26.4871829906306,20.48803549171776,16.35593844527247,7.14228537390309,17.552955215439987,-11.893692347952115,17.639748869756275,-9.065367871074267,18.66265692558775,-4.899655717034494,14.096584363979108,-3.276906192943614,10.231442265920192,-10.219718281620292,10.798229253660509,1.540484263691851,9.018012459913246,0.011229559779167175,8.736250769668672,1836.7111337898198,1060.7271963518072,1820.449989777174,515.9091318647879,3815.6081989247314,1864.9586704540295,0.04002367874755858,0.06674582080242934,0.11995967741935484,0.10383612155061898,0.07819479070143819,0.06610420120083509,121.81175436886892,46.94890398098179,66.0598442880557,281.9316818982532,110.68909908287728,0.7956989247311828,2.944
DF_E_2011649,bonafide,lab5/data/sample_audio/DF_E_2011649.flac,-206.73047512135608,121.78418456789215,111.13546546849798,64.94063761541278,-32.83589200516965,40.71125118576403,5.628954508203141,25.780876892458792,-16.92229657485447,21.44311678914118,3.791965503721161,14.080979118647123,-14.506238105132224,16.11669123472862,-14.548163418440108,14.862388062106092,-9.177648712979986,14.762345960660399,-7.894129498207823,12.271205032200074,-4.840689164685442,9.399817577894652,-9.258582444584116,10.718409886160316,-5.657057137406887,8.103786223260881,1376.868714291404,992.3655586296906,1258.0047375723698,497.3743189397082,2442.902260638298,1514.4014045409738,0.005775443294817492,0.012917828020795089,0.10311564993351063,0.12745173434653861,0.15543734476987664,0.10552297533887832,182.2751088149283,31.76564636280398,85.41377920187759,254.6322352456936,185.7279714763234,0.7978723404255319,3.0
DF_E_2011722,bonafide,lab5/data/sample_audio/DF_E_2011722.flac,-333.15922541790695,152.5726849184939,71.63905849226985,33.02599299571152,-29.30089986467936,36.005031125226694,28.133164494152528,30.667392788844467,-1.7136197377400226,17.527480625891393,-11.266065729669778,21.549890916097425,-12.044623989297683,16.73723629936858,-12.594651642693094,18.04866425623609,-2.6773738552288835,11.440873055549355,-8.884366595242398,16.943788021073875,-2.9289584816938423,8.846342445383671,-9.07653364072363,10.818343881300567,-0.2311007599514651,8.277989545540706,1764.874755737232,459.5081192264446,1659.3618681861785,370.257658600015,3612.1046686746986,1013.369565940835,0.04258009438551626,0.052120801554890996,0.1267589890813253,0.0672201943262211,0.06278201229996552,0.07635575302100968,163.59662217139694,65.59928809855273,72.18614381532002,374.78234656322303,171.05857655105385,0.7951807228915663,2.632
DF_E_2012004,bonafide,lab5/data/sample_audio/DF_E_2012004.flac,-315.37322704608624,187.3956272318473,77.03026307912974,63.85002929141416,10.145335446871243,30.88968663389082,20.68286714553833,21.79957412929929,8.734494792498076,21.671958067399018,5.552457374792833,15.375860200896955,-3.453704524957217,19.20777515228765,-7.433023485770592,17.135521325367826,-6.85146599136866,12.555597026472205,2.59119162101012,11.774447631499841,-8.145554096423663,12.329909923179205,-0.5108653774628272,9.016115501729438,-5.489193082256959,7.936982995534434,1512.6616062720218,770.473563802979,1724.954042335594,526.5657105367376,3279.9278846153848,1746.9714141630186,0.025477154174866602,0.03550232490555108,0.07035006009615384,0.05545420729040268,0.09732190817728853,0.11603994636168347,87.6525659515148,11.047180670054706,65.51500007855589,124.45784609859918,85.48224071082258,0.7846153846153846,2.048
DF_E_2012179,bonafide,lab5/data/sample_audio/DF_E_2012179.flac,-340.0894925543602,163.85155632692656,56.420347622100344,51.99592188036107,-4.306073640255218,35.69691822942755,15.02085265580644,21.976786573588278,10.413584801744907,11.050701205629904,-4.94038373612343,20.977943514188336,-14.136657770643843,22.19124071673092,-16.502413902510987,23.30525662378153,1.4989036372367373,10.72804910128725,-7.287367433943647,11.520946320610888,-12.500135854520696,13.871664337324743,1.2524300288963826,6.900287373634597,-4.893999749358664,9.558446666101618,1846.491711917223,828.8733888735742,1828.5747326710707,571.8014091582102,3889.7938829787236,1736.7011174002675,0.03449822575655955,0.04502744028421578,0.11719269448138298,0.09818211283840057,0.07887092133317677,0.10129163054284022,145.16881093693263,37.994466085128444,65.49738887147213,203.67624108044973,148.00114030620267,0.7978723404255319,3.0
DF_E_2012341,bonafide,lab5/data/sample_audio/DF_E_2012341.flac,-321.9409430280645,159.6961941827491,111.85003356730684,61.51274436017373,4.2098326251861895,33.56433893627548,25.47329751164355,24.976299880108574,3.3540146921543363,12.230029741585392,9.550893618071333,17.500628449864365,-2.98959552354001,19.82111227317338,-6.19819002329035,18.03080206071738,-12.804708947685171,15.892074167184138,-1.0676609201634184,15.182559372704912,-13.422191596253121,15.380231572873502,2.6545214684719736,11.06721827443331,-19.82311527732205,16.32008390185211,1307.975442022151,819.4650816432465,1356.0822007937852,472.5614267005556,2621.675531914894,1511.404627873895,0.005999183795636859,0.01059227088784248,0.07393824800531915,0.07238690875553548,0.06897759320031098,0.06993168013821359,90.4646908694158,38.5694092401405,67.7600215435807,361.47375306797557,80.5733571043948,0.7978723404255319,3.0
DF_E_2012501,bonafide,lab5/data/sample_audio/DF_E_2012501.flac,-328.1144875317085,160.81303173139068,69.96631414097983,39.475992315945945,14.665720272354964,29.143177452819643,31.522148004937463,24.620574876602035,-7.800643383002862,24.518253647640776,0.18817790579505084,11.479691270816524,-13.883910253280547,21.498376255840068,-6.89395119286165,16.74158365961536,-1.2550588170202768,14.384132752873771,-2.9919518926521627,9.284949919860026,-7.472571493285458,8.875832295140146,-1.6662421742590463,9.114849371615772,-11.11574589697326,10.442275171463722,1707.6440434858605,787.1680364818474,1700.805880049792,310.00687506131726,3724.6570121951218,1081.2793260616609,0.009582270956143918,0.009547834527754262,0.1143530868902439,0.1086660245767306,0.07692135329693328,0.09981447278321369,144.590157037786,53.519084543340185,82.08790331432057,264.46732231410186,109.16622349366997,0.7804878048780488,2.60475
DF_E_2012547,bonafide,lab5/data/sample_audio/DF_E_2012547.flac,-180.02402705530966,86.72075266343967,119.49713464706174,63.41561073792194,17.68180316229982,29.225263655816907,25.0671370125586,19.507400657242233,7.61406508664931,18.926076365486647,6.4947583223542855,12.377221503438326,-5.10340261891965,14.81254325729798,-10.0746970695834,14.938749451510418,-0.43224328419854563,8.866246684171,-18.74347028616936,11.621528880807222,-10.277978388051833,12.899114872833241,2.367703946367387,10.468021208034553,-9.608781683228669,12.914712250193084,1424.699223499058,1059.7995545514582,1519.2574497533467,526.9348447999321,2707.5352822580644,2021.6514942158412,0.027551518068204103,0.06148323504669696,0.09416740171370967,0.08205580321460387,0.1289531861041342,0.06404218434304974,85.12596375691997,9.81789066862944,73.5133331982822,105.72941578352341,79.98711014546096,0.7903225806451613,1.974375
DF_E_2012571,bonafide,lab5/data/sample_audio/DF_E_2012571.flac,-199.57195394343518,131.15756893320702,85.57627271084075,47.009140885761994,-30.051966761020903,41.23388520125783,5.368130837983274,26.061494819460492,-12.68319887176473,22.622205139076613,-18.23316027382587,19.749981904726955,-16.536994505435864,14.394922017286662,-7.008676877998291,12.031923326923534,-7.187811885266862,12.662009938405248,-13.451048639543513,9.122655948158203,-23.27941297406846,12.950370607508377,-12.516793798258965,10.060902042965326,-10.517354061787433,11.731957527931785,1767.24404151629,956.4598444394046,1606.184650322646,575.098587826206,3375.498670212766,1796.8265085496396,0.019831092005219073,0.037858385578570755,0.160400390625,0.14945944366248703,0.12778538236678752,0.0751072858718915,244.54275892376037,36.20026124530795,95.43815195371164,300.33503776247534,243.3404149382833,0.7978723404255319,3.0
DF_E_2012635,bonafide,lab5/data/sample_audio/DF_E_2012635.flac,-269.0737762451172,138.83824849299066,96.79495548856431,54.055753475043744,-29.288862933283266,34.58296071490221,9.96983214046644,25.325498469689595,-15.705847332443016,25.60614970994718,-12.308070577573085,19.488011000983878,-13.754912048578262,16.7644847159033,-2.87280038776605,11.598905320510331,-30.217053109321043,20.27211139962777,-11.1432979348777,11.287726702090845,-7.616247260052225,8.23889638413275,-14.782394258872323,12.717379631621448,-11.060447683368904,10.546632070923291,1262.009807289445,536.1260717271501,1308.2265511521605,527.0064776031686,2459.1259057971015,1511.0214062172427,0.010743411805036147,0.019876783967838735,0.07604449728260869,0.03171749687145047,0.1287226066502837,0.09414933381362224,210.81132388782189,35.89908970658172,70.32628235666081,260.7262517414363,222.72503667706673,0.7971014492753623,2.1791875
